,Rank,Polymer Producer,dimension,value,Rank2,Equity owner of companies producing SUP polymers,Location,Investor Type,Number of companies invested,Value of shareholdings,Value share of SUP polymer production,Rank_bank,Bank,Headquarters location,Number of deals (2010-2019),Number of companies lending & underwriting,Total value of loans & underwriting,Value share of loans of SUP polymer production,Value share of equity underwriting of SUP polymer production,Value share of bonds underwriting of SUP polymer production,Total value share of lending & underwriting of SUP polymer production,Ranking,Rank_country,CITCULARITY_SCORE_PRODUCER,scores,category,OVERALL_CICULARITY,CIRCULARITY_RATINGS,STATUS,status_total,Investors,producers_,Table Name,base,table Name 2,Country of Impact1,SUP per capita use (kg per user),Net SUP generation MMT()
0,1,ExxonMobil,No. of assets,55,9,Kingdom of Saudi Arabia,Saudi Arabia,State Owner,23,"1,896.40",31,1,Barclays,United Kingdom,477,23,68.3,3.1,0.7,1.5,5.4,12,2,ExxonMobil,D-,overall score (A-E),ExxonMobil,A,0,0,People's Republic of China,ExxonMobil,Orders,SUP,Orders,Australia,59,1.5
1,1,ExxonMobil,Production of in-scope polymers,11.2,9,Peoples Republic of China,China,State Owner,28,192.2,6,3,JPMorgan Chase,United States,636,28,90.5,2.7,0.3,2,5,1,10,Dow,C-,overall score (A-E),Dow,A,0,0,kingdom of Saudi Arabia,ExxonMobil,Orders,SUP,Orders,Brazil,13,2.8
2,1,ExxonMobil,Flexible format contribution to SUP waste,4.7,9,Emirate of Abu Dhabi,UAE,State Owner,8,N/A,4.5,2,Citigroup,United States,746,32,96.7,2.8,0.4,1.9,5.1,2,9,Sinopec,D-,overall score (A-E),Sinopec,A,0,0,Vanguard Group,ExxonMobil,Orders,SUP,Orders,Canada,34,1.5
3,1,ExxonMobil,Rigid format contribution to SUP waste,1.2,9,Ambani Family,India,Private Institution or Individual,1,65.8,2.5,4,Bank of America,United States,561,27,73.3,2.9,0.1,1.2,4.2,3,11,Indorama Ventures,C,overall score (A-E),Indorama Ventures,A,0,0,BlackRock,ExxonMobil,Orders,SUP,Orders,China,18,25.4
4,1,ExxonMobil,Total contribution to SUP waste,5.9,9,Vanguard Group,United States,Institutional Asset Manager,97,68.9,2.2,5,HSBC,United Kingdom,600,36,68.5,3.1,0.2,1.4,4.7,13,3,Saudi Aramco,E,overall score (A-E),Saudi Aramco,A,0,0,Capital Group,ExxonMobil,Orders,SUP,Orders,France,36,2.3
5,2,Dow,No. of assets,54,14,Canopus International,Thailand,Private Institution or Individual,1,4.7,2.2,6,Mitsubishi UFJ Financial,Japan,599,32,54.3,2.1,0,0.8,2.9,17,4,PetroChina,E,overall score (A-E),PetroChina,A,0,0,State Street,ExxonMobil,Orders,SUP,Orders,Germany,22,1.8
6,2,Dow,Production of in-scope polymers,9.3,14,BlackRock,United States,Institutional Asset Manager,88,65.9,1.9,7,Deutsche Bank,Germany,340,23,41.7,1,0.3,0.9,2.2,24,7,LyondellBasell,C-,overall score (A-E),LyondellBasell,A,0,0,Kingdom of Norway,ExxonMobil,Orders,SUP,Orders,India,4,5.6
7,2,Dow,Flexible format contribution to SUP waste,4.7,14,Capital Group,United States,Institutional Asset Manager,19,28.9,1.8,8,Mizuho Financial,Japan,571,33,49.1,1.5,0,0.7,2.3,18,5,Reliance Industries,D-,overall score (A-E),Reliance Industries,A,0,0,Government of Japan,ExxonMobil,Orders,SUP,Orders,Indonesia,9,2.3
8,2,Dow,Rigid format contribution to SUP waste,0.9,14,Mr James Arthur Ratcliffe,Monaco,Private Institution or Individual,1,N/A,1.8,9,SMBC Group,Japan,495,32,47.4,1.5,0,0.6,2.2,19,6,Braskem,C-,overall score (A-E),Braskem,A,0,0,Republic of Korea,ExxonMobil,Orders,SUP,Orders,Italy,23,1.4
9,2,Dow,Total contribution to SUP waste,5.6,14,East Step International Holdings,Hong Kong,Private Institution or Individual,1,9.1,1.6,10,Goldman Sachs,United States,320,22,37.5,0.5,0.4,0.7,1.6,4,12,Alpek SA de CV,C-,overall score (A-E),Alpek SA de CV,A,0,0,Dimensional Fund Advisors,ExxonMobil,Orders,SUP,Orders,Japan,37,4.7
10,3,Sinopec,No. of assets,82,16,Zhejiang Rongsheng Holding Group,China,Private Institution or Individual,1,18.5,1.3,11,UniCredit,Italy,173,14,17.3,1.1,0.1,1,2.1,33,8,Borealis,C-,overall score (A-E),Borealis,A,0,0,Kingdom of Saudi Arabia,Dow,Orders,SUP,Orders,Mexico,17,2.2
11,3,Sinopec,Production of in-scope polymers,11.6,16,State of Qatar,Qatar,State Owner,5,5.2,1.3,12,BNP Paribas,France,445,29,42.5,1,0,0.7,1.7,29,14,Lotte Chemical,D-,overall score (A-E),Lotte Chemical,A,0,0,Vanguard Group,Dow,Orders,SUP,Orders,Russian federation,16,2.3
12,3,Sinopec,Flexible format contribution to SUP waste,4,16,Republic of India,India,State Owner,8,42.3,1.2,13,Credit Suisse,Switzerland,167,15,17.9,0.8,0.2,0.3,1.3,35,17,INEOS,D,overall score (A-E),INEOS,A,0,0,BlackRock,Dow,Orders,SUP,Orders,South Korea,44,2.3
13,3,Sinopec,Rigid format contribution to SUP waste,1.3,16,State Street,United States,Institutional Asset Manager,91,30.9,1,14,Morgan Stanley,United States,377,22,40.9,0.3,0.3,1,1.6,5,13,Total,D,overall score (A-E),Total,A,0,0,Capital Group,Dow,Orders,SUP,Orders,Spain,34,1.6
14,3,Sinopec,Total contribution to SUP waste,5.3,16,Access Industries,United States,Private Institution or Individual,1,6.9,1,15,Credit Agricole,France,322,25,27.3,1,0,0.6,1.7,30,15,Jiangsu Hailun Petrochemical,D-,overall score (A-E),Jiangsu Hailun Petrochemical,A,0,0,State Street,Dow,Orders,SUP,Orders,United Kingdom,44,2.4
15,4,Indorama Ventures,No. of assets,26,7,Magna Resources Corp,Singapore,Private Institution or Individual,1,5.7,0.9,16,Societe Generale,France,321,24,31.5,1,0,0.6,1.6,31,16,Far Eastern New Century,C,overall score (A-E),Far Eastern New Century,A,0,0,Kingdom of Norway,Dow,Orders,SUP,Orders,United States,53,17.2
16,4,Indorama Ventures,Production of in-scope polymers,5.1,7,Chang Gung Medical Foundation,Taiwan,Private Institution or Individual,3,7.5,0.8,17,ING Group,Netherlands,178,22,11.5,1,–,0.3,1.3,37,18,Formosa Plastics Corporation,D-,overall score (A-E),Formosa Plastics Corporation,A,0,0,Government of Japan,Dow,Orders,SUP,Orders,Vietnam,20,1.9
17,4,Indorama Ventures,Flexible format contribution to SUP waste,0.2,7,TTWF,United States,Private Institution or Individual,1,7.8,0.7,18,NatWest,United Kingdom,163,22,15.4,0.5,0,0.1,0.7,14,1,China Energy Investment Group,E,overall score (A-E),China Energy Investment Group,A,0,0,Republic of Korea,Dow,Orders,SUP,Orders1,Australia,59,1.5
18,4,Indorama Ventures,Rigid format contribution to SUP waste,4.5,7,Federation of Malaysia,Malaysia,State Owner,6,11.6,0.7,19,UBS,Switzerland,117,21,13.7,0.3,0.1,0.3,0.7,36,,PTT,C-,overall score (A-E),PTT,A,0,0,Dimensional Fund Advisors,Dow,Orders,SUP,Orders1,Brazil,13,2.8
19,4,Indorama Ventures,Total contribution to SUP waste,4.6,7,PPH Polymer Products Holdings,Cyprus,Private Institution or Individual,1,N/A,0.6,20,Bangkok Bank,Thailand,65,5,5.2,0.4,0.1,0.4,0.9,38,,China Resources,D-,overall score (A-E),China Resources,A,0,0,People's Republic of China,Sinopec,Orders,SUP,Orders1,Canada,34,1.5
20,5,Saudi Aramco,No. of assets,53,15,King Maha Vajiralongkorn,Thailand,State Owner,2,6.4,0.6,21,Lloyds Banking Group,United Kingdom,79,7,7.9,0.4,–,0.2,0.6,15,,ExxonMobil,D,Enablers score,ExxonMobil,B,0,0,Vanguard Group,Sinopec,Orders,SUP,Orders1,China,18,25.4
21,5,Saudi Aramco,Production of in-scope polymers,9.5,15,Mr Andrew Christopher Currie,Monaco,Private Institution or Individual,1,N/A,0.6,22,Raiffeisen Bank International,Austria,63,4,3.4,0.5,0,0.4,0.9,,,Dow,B,Enablers score,Dow,B,0,0,BlackRock,Sinopec,Orders,SUP,Orders1,France,36,2.3
22,5,Saudi Aramco,Flexible format contribution to SUP waste,3.2,15,Mr John Reece,Monaco,Private Institution or Individual,1,N/A,0.5,23,Santander,Spain,143,14,15,0.3,0,0.5,0.8,,,Sinopec,C-,Enablers score,Sinopec,B,0,0,Capital Group,Sinopec,Orders,SUP,Orders1,Germany,22,1.8
23,5,Saudi Aramco,Rigid format contribution to SUP waste,1.1,15,FMR,United States,Institutional Asset Manager,81,16.4,0.5,24,Siam Commercial Bank,Thailand,65,5,6.5,0.3,0,0.5,0.8,39,,Indorama Ventures,A-,Enablers score,Indorama Ventures,B,0,0,State Street,Sinopec,Orders,SUP,Orders1,India,4,5.6
24,5,Saudi Aramco,Total contribution to SUP waste,4.3,15,Mr Leonid Viktorovich Mikhelson,N/A,Private Institution or Individual,1,N/A,0.5,25,Industrial and Commercial Bank of China,China,203,20,19.2,0.6,–,0.2,0.8,,,Saudi Aramco,E,Enablers score,Saudi Aramco,B,0,0,Kingdom of Norway,Sinopec,Orders,SUP,Orders1,Indonesia,9,2.3
25,6,PetroChina,No. of assets,62,12,Kingdom of Norway,Norway,State Owner,71,20.2,0.5,26,Shanghai Pudong Development Bank,China,73,7,8.9,0.4,–,0.5,0.8,,,PetroChina,E,Enablers score,PetroChina,B,0,0,Government of Japan,Sinopec,Orders,SUP,Orders1,Italy,23,1.4
26,6,PetroChina,Production of in-scope polymers,8.8,12,Credit Suisse Group,Switzerland,Institutional Asset Manager,64,3.9,0.4,27,Erste Group,Austria,65,3,3.1,0.4,0,0.4,0.8,,,LyondellBasell,B,Enablers score,LyondellBasell,B,0,0,Dimensional Fund Advisors,Sinopec,Orders,SUP,Orders1,Japan,37,4.7
27,6,PetroChina,Flexible format contribution to SUP waste,3.3,12,Kingdom of Thailand,Thailand,State Owner,4,27.1,0.4,28,Wells Fargo,United States,310,14,15.1,0.5,0,0.3,0.8,6,,Reliance Industries,C,Enablers score,Reliance Industries,B,0,0,Vanguard Group,Indorama Ventures,Orders,SUP,Orders1,Mexico,17,2.2
28,6,PetroChina,Rigid format contribution to SUP waste,0.8,12,Republic of Korea,South Korea,State Owner,16,12.5,0.4,29,Scotiabank,Canada,206,16,10.8,0.8,0,0.2,1.1,,,Braskem,B,Enablers score,Braskem,B,0,0,Canopus International,Indorama Ventures,Orders,SUP,Orders1,Russian federation,16,2.3
29,6,PetroChina,Total contribution to SUP waste,4,12,Lotte Holdings,Japan,Private Institution or Individual,1,2.6,0.4,30,Krung Thai Bank,Thailand,65,4,5.7,0.3,0,0.4,0.7,40,,Alpek SA de CV,B-,Enablers score,Alpek SA de CV,B,0,0,State Street,Indorama Ventures,Orders,SUP,Orders1,South Korea,44,2.3
30,7,LyondellBasell,No. of assets,69,11,Government of Japan,Japan,State Owner,72,14.9,0.4,31,Commerzbank,Germany,98,11,5.8,0.4,0,0.3,0.7,25,,Borealis,A-,Enablers score,Borealis,B,0,0,Kingdom of Thailand,Indorama Ventures,Orders,SUP,Orders1,Spain,34,1.6
31,7,LyondellBasell,Production of in-scope polymers,9.3,11,Stock Exchange of Thailand,Thailand,Private Institution or Individual,5,4.5,0.4,32,Standard Chartered,United Kingdom,279,22,19.5,0.3,–,0.2,0.6,16,,Lotte Chemical,D-,Enablers score,Lotte Chemical,B,0,0,Kingdom of Saudi Arabia,Saudi Aramco,Orders,SUP,Orders1,United Kingdom,44,2.4
32,7,LyondellBasell,Flexible format contribution to SUP waste,2.1,11,Republic of Azerbaijan,Azerbaijan,State Owner,2,0.9,0.4,33,Bank of China,China,273,23,23.4,0.3,0,0.3,0.6,,,INEOS,C,Enablers score,INEOS,B,0,0,Vanguard Group,Saudi Aramco,Orders,SUP,Orders1,United States,53,17.2
33,7,LyondellBasell,Rigid format contribution to SUP waste,1.8,11,Shaanxi Provincial State-owned Assets Supervision And Administration Commission,China,State Owner,1,N/A,0.4,34,BNDES,Brazil,6,2,2,0.5,–,–,0.5,,,Total,B-,Enablers score,Total,B,0,0,BlackRock,Saudi Aramco,Orders,SUP,Orders1,Vietnam,20,1.9
34,7,LyondellBasell,Total contribution to SUP waste,3.9,11,Taif AO,Russia,Private Institution or Individual,2,1.6,0.4,35,ANZ,Australia,118,16,8.7,0.4,–,0.1,0.5,,,Jiangsu Hailun Petrochemical,E,Enablers score,Jiangsu Hailun Petrochemical,B,0,0,State Street,Saudi Aramco,Orders,,,,,
35,8,Reliance Industries,No. of assets,26,13,Yan An Shi Guo Zi Wei,N/A,Private Institution or Individual,1,N/A,0.3,36,Bank of New York Mellon,United States,51,6,4.1,0.4,–,0,0.4,7,,Far Eastern New Century,B,Enablers score,Far Eastern New Century,B,0,0,Government of Japan,Saudi Aramco,Orders,,,,,
36,8,Reliance Industries,Production of in-scope polymers,5.5,13,Saudi Industrial Investment,Saudi Arabia,Private Institution or Individual,1,2.1,0.3,37,Taiwan Financial Holding,Taiwan,85,9,2.4,0.5,–,0,0.5,,,Formosa Plastics Corporation,D,Enablers score,Formosa Plastics Corporation,B,0,0,People's Republic of China,PetroChina,Orders,,,,,
37,8,Reliance Industries,Flexible format contribution to SUP waste,1.8,13,Kieppe Patrimonial,Brazil,Private Institution or Individual,1,1.4,0.3,38,Kasikornbank,Thailand,55,4,3.6,0,0,0.4,0.5,41,,China Energy Investment Group,E,Enablers score,China Energy Investment Group,B,0,0,Vanguard Group,PetroChina,Orders,,,,,
38,8,Reliance Industries,Rigid format contribution to SUP waste,1.3,13,State of Kuwait,Kuwait,State Owner,5,0.1,0.3,39,Yuanta Financial,Taiwan,73,6,2.1,0,0,0.4,0.5,,,PTT,B,Enablers score,PTT,B,0,0,BlackRock,PetroChina,Orders,,,,,
39,8,Reliance Industries,Total contribution to SUP waste,3.1,13,Pangestu Family,Indonesia,Private Institution or Individual,1,1.8,0.3,40,Intesa Sanpaolo,Italy,117,15,9,0.3,–,0.1,0.4,34,,China Resources,E,Enablers score,China Resources,B,0,0,State Street,PetroChina,Orders,,,,,
40,9,Braskem,No. of assets,40,10,Republic of Colombia,Colombia,State Owner,1,24.4,0.3,41,Royal Bank of Canada,Canada,159,10,16.6,0.5,0,0.2,0.8,,,ExxonMobil,E,Outcome score,ExxonMobil,C,0,2,Kingdom of Norway,PetroChina,Orders,,,,,
41,9,Braskem,Production of in-scope polymers,6.7,10,Jiang Yin Cheng Xing Shi Ye Ji Tuan You Xian Gong Si Gong Hui Wei Yuan Hui,N/A,Private Institution or Individual,1,N/A,0.3,42,Regions Financial,United States,23,6,1.8,0.4,–,0,0.4,8,,Dow,E,Outcome score,Dow,C,0,2,Capital Group,LyondellBaell,Orders,,,,,
42,9,Braskem,Flexible format contribution to SUP waste,1.9,10,General Organization For Social Insurance,Saudi Arabia,Private Institution or Individual,3,1.8,0.3,43,Toronto-Dominion Bank,Canada,70,7,5.6,0.7,0,0.1,0.8,,,Sinopec,E,Outcome score,Sinopec,C,0,2,State Street,LyondellBaell,Orders,,,,,
43,9,Braskem,Rigid format contribution to SUP waste,1.1,10,Chins International Investment,N/A,Private Institution or Individual,3,2.4,0.3,44,European Investment Bank,Luxembourg,9,5,3.3,0.4,–,0,0.4,,,Indorama Ventures,D-,Outcome score,Indorama Ventures,C,1,2,Kingdom of Norway,LyondellBaell,Orders,,,,,
44,9,Braskem,Total contribution to SUP waste,3,10,Dimensional Fund Advisors,United States,Institutional Asset Manager,89,7.7,0.3,45,Landesbank Baden-Württemberg (LBBW),Germany,21,2,1.7,0.2,–,0.2,0.4,26,,Saudi Aramco,E,Outcome score,Saudi Aramco,C,0,2,Government of Japan,LyondellBaell,Orders,,,,,
45,10,Alpek SA de CV,No. of assets,12,6,Islamic Republic of Iran,Iran,State Owner,6,N/A,0.3,46,State Bank of India,India,162,6,14,0.3,0,0,0.3,,,PetroChina,E,Outcome score,PetroChina,C,0,2,Access Industries,LyondellBaell,Orders,,,,,
46,10,Alpek SA de CV,Production of in-scope polymers,2.5,6,National Bank Trust,Russia,Private Institution or Individual,1,N/A,0.3,47,Mega Financial,Taiwan,88,10,2.4,0.3,–,0.1,0.4,,,LyondellBasell,E,Outcome score,LyondellBasell,C,0,2,Dimensional Fund Advisors,LyondellBaell,Orders,,,,,
47,10,Alpek SA de CV,Flexible format contribution to SUP waste,0,6,Geode Capital Management,United States,Institutional Asset Manager,58,7.6,0.3,48,PNC Financial Services,United States,89,9,4,0.4,0,0,0.4,9,,Reliance Industries,E,Outcome score,Reliance Industries,C,0,2,Vanguard Group,Reliance Industries Ltd,Orders,,,,,
48,10,Alpek SA de CV,Rigid format contribution to SUP waste,2.3,6,Genhero Limited,N/A,Private Institution or Individual,1,N/A,0.2,49,KDB Financial Group,South Korea,77,12,3.3,0.2,–,0.1,0.3,,,Braskem,E,Outcome score,Braskem,C,0,2,BlackRock,Reliance Industries Ltd,Orders,,,,,
49,10,Alpek SA de CV,Total contribution to SUP waste,2.3,6,Mr Gennadii Nikolaevich Timchenko,N/A,Private Institution or Individual,1,N/A,0.2,50,Sberbank,Russia,8,1,2.1,0.3,–,0,0.3,,,Alpek SA de CV,D-,Outcome score,Alpek SA de CV,C,0,2,Capital Group,Reliance Industries Ltd,Orders,,,,,
50,11,Borealis,No. of assets,29,19,Government of Oman,Oman,State Owner,1,N/A,0.2,51,First Abu Dhabi Bank,United Arab Emirates,112,9,11.2,0.3,0,0,0.3,,,Borealis,E,Outcome score,Borealis,C,0,2,Republic of India,Reliance Industries Ltd,Orders,,,,,
51,11,Borealis,Production of in-scope polymers,5,19,Mr Asim Kokoglu,N/A,Private Institution or Individual,1,N/A,0.2,52,China Minsheng Banking,China,63,7,11.1,0.1,–,0.2,0.3,,,Lotte Chemical,E,Outcome score,Lotte Chemical,C,0,2,State Street,Reliance Industries Ltd,Orders,,,,,
52,11,Borealis,Flexible format contribution to SUP waste,1.5,19,Kavosh Sanat Sepid Company,N/A,Private Institution or Individual,1,N/A,0.2,53,Nordea,Finland,17,5,1.2,0.3,–,0,0.3,,,INEOS,E,Outcome score,INEOS,C,0,2,Ambani Family,Reliance Industries Ltd,Orders,,,,,
53,11,Borealis,Rigid format contribution to SUP waste,0.7,19,Northern Trust Corp,United States,Institutional Asset Manager,60,7.5,0.2,54,JBIC,Japan,14,8,12.3,0.3,–,–,0.3,20,,Total,E,Outcome score,Total,C,0,2,Kingdom of Norway,Reliance Industries Ltd,Orders,,,,,
54,11,Borealis,Total contribution to SUP waste,2.2,19,Wan Shun International Investment,N/A,Private Institution or Individual,3,1.8,0.2,55,Masterlink Securities,Taiwan,38,2,1.2,–,0.1,0.2,0.3,,,Jiangsu Hailun Petrochemical,D-,Outcome score,Jiangsu Hailun Petrochemical,C,0,2,Government of Japan,Reliance Industries Ltd,Orders,,,,,
55,12,Lotte Chemical,No. of assets,24,21,JPMorgan Chase,United States,Institutional Asset Manager,70,9.9,0.2,56,Itaú Unibanco,Brazil,8,2,1.2,0,–,0.2,0.3,,,Far Eastern New Century,D-,Outcome score,Far Eastern New Century,C,1,2,Dimensional Fund Advisors,Reliance Industries Ltd,Orders,,,,,
56,12,Lotte Chemical,Production of in-scope polymers,4.1,21,Bank of New York Mellon,United States,Institutional Asset Manager,66,6.9,0.2,57,China Construction Bank,China,119,11,10.5,0.1,–,0.1,0.3,,,Formosa Plastics Corporation,E,Outcome score,Formosa Plastics Corporation,C,0,2,Vanguard Group,Braskem,Orders,,,,,
57,12,Lotte Chemical,Flexible format contribution to SUP waste,1.1,21,Lianyungang Bochuang Investment,N/A,Private Institution or Individual,1,N/A,0.2,58,Export Development Canada,Canada,52,9,4.5,0.5,–,0,0.5,,,China Energy Investment Group,E,Outcome score,China Energy Investment Group,C,0,2,BlackRock,Braskem,Orders,,,,,
58,12,Lotte Chemical,Rigid format contribution to SUP waste,1,21,Arab Republic of Egypt,Egypt,State Owner,3,N/A,0.2,59,World Bank,United States,15,3,0.7,0.2,–,–,0.2,10,,PTT,E,Outcome score,PTT,C,0,2,Capital Group,Braskem,Orders,,,,,
59,12,Lotte Chemical,Total contribution to SUP waste,2.1,21,Bangkok Bank,Thailand,Institutional Asset Manager,4,1,0.2,60,Northern Trust,United States,16,5,4.7,0.2,–,–,0.2,11,,China Resources,D-,Outcome score,China Resources,C,0,2,State Street,Braskem,Orders,,,,,
60,13,INEOS,No. of assets,28,20,Cristian Lay,N/A,Private Institution or Individual,1,N/A,0.2,61,BMO Financial Group,Canada,33,8,1.9,0.1,0,0,0.1,,,ExxonMobil,E,Strategy,ExxonMobil,C-,0,6,Kieppe Patrimonial,Braskem,Orders,,,,,
61,13,INEOS,Production of in-scope polymers,4.8,20,Dang Yanbao,N/A,Private Institution or Individual,1,1.1,0.2,62,Taiwan Cooperative Financial,Taiwan,65,11,1.4,0.2,–,0,0.2,,,Dow,A,Strategy,Dow,C-,1,6,Kingdom of Norway,Braskem,Orders,,,,,
62,13,INEOS,Flexible format contribution to SUP waste,1,20,Credit Agricole Group,France,Institutional Asset Manager,66,12.9,0.2,63,DZ Bank,Germany,35,7,1.8,0.2,–,0.1,0.3,27,,Sinopec,C,Strategy,Sinopec,C-,0,6,Government of Japan,Braskem,Orders,,,,,
63,13,INEOS,Rigid format contribution to SUP waste,1,20,Republic of Belarus,Belarus,State Owner,2,N/A,0.2,64,DBS,Singapore,134,12,7,0.2,0,0,0.2,,,Indorama Ventures,A,Strategy,Indorama Ventures,C-,0,6,Dimensional Fund Advisors,Braskem,Orders,,,,,
64,13,INEOS,Total contribution to SUP waste,2,20,Jia Dou Guo Ji You Xian Gong Si,N/A,Private Institution or Individual,1,N/A,0.2,65,Banco Bilbao Vizcaya Argentaria (BBVA),Spain,99,18,6.8,0.2,0,0.1,0.2,,,Saudi Aramco,E,Strategy,Saudi Aramco,C-,0,6,Vanguard Group,Alpek SA de CV,Orders,,,,,
65,14,Total,No. of assets,34,18,Mr Jian Chang Zhao,N/A,Private Institution or Individual,1,N/A,0.2,66,Hua Nan Financial,Taiwan,76,9,1.6,0.2,–,0,0.2,,,PetroChina,E,Strategy,PetroChina,C-,0,6,BlackRock,Alpek SA de CV,Orders,,,,,
66,14,Total,Production of in-scope polymers,4.5,18,Invesco,United States,Institutional Asset Manager,83,5.5,0.2,67,Gazprombank,Russia,7,1,1.4,–,0.2,0.1,0.2,,,LyondellBasell,B,Strategy,LyondellBasell,C-,1,6,State Street,Alpek SA de CV,Orders,,,,,
67,14,Total,Flexible format contribution to SUP waste,1,18,UBS Group,Switzerland,Institutional Asset Manager,73,6.4,0.2,68,China Development Financial Holding,Taiwan,60,4,1,0,–,0.2,0.2,,,Reliance Industries,C,Strategy,Reliance Industries,C-,0,6,Kingdom of Norway,Alpek SA de CV,Orders,,,,,
68,14,Total,Rigid format contribution to SUP waste,0.9,18,Charles Schwab Investment Advisory,United States,Institutional Asset Manager,79,5.6,0.2,69,Fubon Financial,Taiwan,54,7,1.3,0.1,–,0.1,0.2,,,Braskem,A,Strategy,Braskem,C-,1,6,Government of Japan,Alpek SA de CV,Orders,,,,,
69,14,Total,Total contribution to SUP waste,1.9,18,Republic of Uzbekistan,Uzbekistan,State Owner,1,N/A,0.2,70,Agricultural Bank of China,China,103,8,13.1,0,–,0.2,0.2,,,Alpek SA de CV,A,Strategy,Alpek SA de CV,C-,1,6,Dimensional Fund Advisors,Alpek SA de CV,Orders,,,,,
70,15,Jiangsu Hailun Petrochemical,No. of assets,1,5,TIAA Board of Overseers,United States,Institutional Asset Manager,64,4.5,0.2,71,Sumitomo Mitsui Trust,Japan,84,11,5.2,0.2,–,–,0.2,21,,Borealis,A,Strategy,Borealis,C-,1,6,Vanguard Group,Borealis,Orders,,,,,
71,15,Jiangsu Hailun Petrochemical,Production of in-scope polymers,1.7,5,Grupo Inversor Petroquimica,Spain,Private Institution or Individual,1,N/A,0.2,72,CTBC Financial Holding,Taiwan,46,8,1.2,0.2,–,0,0.2,,,Lotte Chemical,E,Strategy,Lotte Chemical,C-,0,6,BlackRock,Borealis,Orders,,,,,
72,15,Jiangsu Hailun Petrochemical,Flexible format contribution to SUP waste,0,5,Sumitomo Mitsui Trust Holdings,Japan,Institutional Asset Manager,71,5.8,0.2,73,Nomura,Japan,63,10,4.3,0,0,0.1,0.2,22,,INEOS,D,Strategy,INEOS,C-,0,6,Emirate of Abu Dhabi,Borealis,Orders,,,,,
73,15,Jiangsu Hailun Petrochemical,Rigid format contribution to SUP waste,1.6,5,Morgan Stanley,United States,Institutional Asset Manager,59,3.8,0.1,74,China International Capital Corporation,China,68,6,8.1,–,–,0.2,0.2,,,Total,C,Strategy,Total,C-,0,6,State Street,Borealis,Orders,,,,,
74,15,Jiangsu Hailun Petrochemical,Total contribution to SUP waste,1.6,5,Plastipak Holdings,N/A,Private Institution or Individual,1,N/A,0.1,75,CITIC,China,129,7,10,0,0,0.1,0.2,,,Jiangsu Hailun Petrochemical,E,Strategy,Jiangsu Hailun Petrochemical,C-,0,6,Kingdom of Norway,Borealis,Orders,,,,,
75,16,Far Eastern New Century,No. of assets,7,4,SIXB,Cyrpus,Private Institution or Individual,1,N/A,0.1,76,Korea Investment Holdings,South Korea,80,5,3.2,–,0,0.2,0.2,,,Far Eastern New Century,A,Strategy,Far Eastern New Century,C-,0,6,Government of Japan,Borealis,Orders,,,,,
76,16,Far Eastern New Century,Production of in-scope polymers,1.6,4,SOIHL Cyprus Investment Limited,Cyprus,Private Institution or Individual,1,N/A,0.1,77,NongHyup Financial,South Korea,119,5,5.9,0,0,0.1,0.2,,,Formosa Plastics Corporation,D,Strategy,Formosa Plastics Corporation,C-,0,6,Dimensional Fund Advisors,Borealis,Orders,,,,,
77,16,Far Eastern New Century,Flexible format contribution to SUP waste,0,4,Nx Shengda Rungfeng,N/A,Private Institution or Individual,1,0.8,0.1,78,Axis Bank,India,50,7,4.9,0,0,0.1,0.2,,,China Energy Investment Group,E,Strategy,China Energy Investment Group,C-,0,6,Vanguard Group,Lotte Chemical,Orders,,,,,
78,16,Far Eastern New Century,Rigid format contribution to SUP waste,1.6,4,Li Shuirong,N/A,Private Institution or Individual,1,1.9,0.1,79,Chang Hwa Commercial Bank,Taiwan,42,10,0.9,0.2,–,–,0.2,,,PTT,A,Strategy,PTT,C-,1,6,BlackRock,Lotte Chemical,Orders,,,,,
79,16,Far Eastern New Century,Total contribution to SUP waste,1.6,4,Bank of America,United States,Institutional Asset Manager,20,5.6,0.1,80,Guosen Securities,China,24,4,2.7,–,0.2,0,0.2,,,China Resources,D,Strategy,China Resources,C-,0,6,State Street,Lotte Chemical,Orders,,,,,
80,17,Formosa Plastics Corporation,No. of assets,22,17,California Public Employees Retirement System,United States,Institutional Asset Manager,63,3.8,0.1,81,Taishin Financial Group,Taiwan,24,4,0.8,0.1,0,0.1,0.2,,,ExxonMobil,E,Targets,ExxonMobil,D,0,2,Kingdom of norway,Lotte Chemical,Orders,,,,,
81,17,Formosa Plastics Corporation,Production of in-scope polymers,3.6,17,Wellington Management Group,United States,Institutional Asset Manager,29,5.1,0.1,82,United Overseas Bank,Singapore,86,11,4.9,0.1,0,0,0.1,,,Dow,B,Targets,Dow,D,0,2,Government of Japan,Lotte Chemical,Orders,,,,,
82,17,Formosa Plastics Corporation,Flexible format contribution to SUP waste,1,17,Mittal Investments,India,Private Institution or Individual,1,N/A,0.1,83,Bradesco,Brazil,14,1,0.7,0.1,–,0,0.1,,,Sinopec,C,Targets,Sinopec,D,0,2,Republic of Korea,Lotte Chemical,Orders,,,,,
83,17,Formosa Plastics Corporation,Rigid format contribution to SUP waste,0.6,17,Republic of Italy,Italy,State Owner,3,11.8,0.1,84,KfW,Germany,22,8,2.8,0.2,–,0,0.2,28,,Indorama Ventures,A,Targets,Indorama Ventures,D,0,2,Dimensional Fund Advisors,Lotte Chemical,Orders,,,,,
84,17,Formosa Plastics Corporation,Total contribution to SUP waste,1.6,17,Samarjit Enterprises,India,Private Institution or Individual,1,3.4,0.1,85,Banco do Brasil,Brazil,13,1,0.6,0.1,–,0,0.1,,,Saudi Aramco,E,Targets,Saudi Aramco,D,0,2,Lotte Holdings,Lotte Chemical,Orders,,,,,
85,18,China Energy Investment Group,No. of assets,12,,Prudential,Britain,Institutional Asset Manager,68,2.4,0.1,86,Industrial Bank Company,China,64,5,9.4,0,–,0.1,0.1,,,PetroChina,E,Targets,PetroChina,D,0,2,Vanguard Group,Total,Orders,,,,,
86,18,China Energy Investment Group,Production of in-scope polymers,3.4,,Dodge & Cox,United States,Institutional Asset Manager,7,3.1,0.1,87,BPCE Group,France,72,12,6.4,0.1,0,0,0.1,32,,LyondellBasell,B,Targets,LyondellBasell,D,0,2,BlackRock,Total,Orders,,,,,
87,18,China Energy Investment Group,Flexible format contribution to SUP waste,1.2,,Wellington Marketing,N/A,Private Institution or Individual,1,N/A,0.1,88,Norinchukin Bank,Japan,41,8,3,0.1,–,0,0.1,23,,Reliance Industries,C-,Targets,Reliance Industries,D,0,2,Capital Group,Total,Orders,,,,,
88,18,China Energy Investment Group,Rigid format contribution to SUP waste,0.3,,Gresham Banque Privee,Britain,Private Institution or Individual,72,N/A,0.1,89,DNB,Norway,61,9,4.2,0.1,0,0,0.1,,,Braskem,B,Targets,Braskem,D,0,2,State Street,Total,Orders,,,,,
89,18,China Energy Investment Group,Total contribution to SUP waste,1.5,,Republic of Tatarstan,Russia,State Owner,1,0.4,0.1,90,China Merchants Group,China,128,6,9.3,0,–,0.1,0.1,,,Alpek SA de CV,D,Targets,Alpek SA de CV,D,0,2,Kingdom of Norway,Total,Orders,,,,,
90,19,PTT,No. of assets,17,,Justice Shares Broker,Iran,Private Institution or Individual,3,N/A,0.1,91,KB Financial Group,South Korea,96,5,3.2,0,0,0.1,0.1,,,Borealis,A-,Targets,Borealis,D,0,2,Government of Japan,Total,Orders,,,,,
91,19,PTT,Production of in-scope polymers,3.1,,Franklin Resources,United States,Institutional Asset Manager,80,7,0.1,92,China Development Bank,China,31,5,4.8,0.1,–,0.1,0.1,,,Lotte Chemical,E,Targets,Lotte Chemical,D,0,2,Dimensional Fund Advisors,Total,Orders,,,,,
92,19,PTT,Flexible format contribution to SUP waste,1.1,,Federative Republic Of Brazil,Brazil,State Owner,1,0.5,0.1,93,Korea Eximbank,South Korea,31,9,2.9,0.1,–,–,0.1,,,INEOS,B,Targets,INEOS,D,1,2,Vanguard Group,Far Eastern New Century,Orders,,,,,
93,19,PTT,Rigid format contribution to SUP waste,0.3,,Civil Pension Fund Investment,Iran,Institutional Asset Manager,3,N/A,0.1,94,Riyad Bank,Saudi Arabia,43,4,5,0.1,0,0,0.1,,,Total,B-,Targets,Total,D,1,2,BlackRock,Far Eastern New Century,Orders,,,,,
94,19,PTT,Total contribution to SUP waste,1.5,,Xian Innovative Energy Investment Management,N/A,Private Institution or Individual,1,N/A,0.1,95,ICICI Bank,India,84,6,3.6,0,0,0.1,0.1,,,Jiangsu Hailun Petrochemical,E,Targets,Jiangsu Hailun Petrochemical,D,0,2,State Street,Far Eastern New Century,Orders,,,,,
95,20,China Resources,No. of assets,4,3,Huan Yang You Xian Gong Si,N/A,Private Institution or Individual,1,N/A,0.1,96,Far Eastern International Bank,Taiwan,27,3,0.5,0,–,0.1,0.1,,,Far Eastern New Century,B,Targets,Far Eastern New Century,D,0,2,Kingdom of Norway,Far Eastern New Century,Orders,,,,,
96,20,China Resources,Production of in-scope polymers,1.4,3,Hua Li Cai Wu You Xian Gong Si,N/A,Private Institution or Individual,1,N/A,0.1,97,Capital Securities,China,27,2,0.5,–,–,0.1,0.1,,,Formosa Plastics Corporation,E,Targets,Formosa Plastics Corporation,D,0,2,Government of Japan,Far Eastern New Century,Orders,,,,,
97,20,China Resources,Flexible format contribution to SUP waste,0,3,Republic of Austria,Austria,State Owner,1,N/A,0.1,98,HDFC Bank,India,25,3,3.2,–,0,0.1,0.1,,,China Energy Investment Group,E,Targets,China Energy Investment Group,D,0,2,Dimensional Fund Advisors,Far Eastern New Century,Orders,,,,,
98,20,China Resources,Rigid format contribution to SUP waste,1.3,3,Mitsubishi UFJ Financial Group,Japan,Institutional Asset Manager,77,N/A,0.1,99,CSC Financial,China,79,6,6.3,–,–,0.1,0.1,,,PTT,B-,Targets,PTT,D,0,2,Vanguard Group,Formosa Plastic Corporation,Orders,,,,,
99,20,China Resources,Total contribution to SUP waste,1.3,3,DWS Investment,Germany,Institutional Asset Manager,69,N/A,0.1,100,Public Investment Fund,Saudi Arabia,4,2,5.2,0.1,–,–,0.1,,,China Resources,E,Targets,China Resources,D,0,2,BlackRock,Formosa Plastic Corporation,Orders,,,,,
100,21,Nova Chemicals Corporation,No. of assets,8,,,,,,,,,,,,,,,,,,,,ExxonMobil,C,Infra structure,ExxonMobil,D-,1,7,State Street,Formosa Plastic Corporation,Orders,,,,,
101,21,Nova Chemicals Corporation,Production of in-scope polymers,1.9,,,,,,,,,,,,,,,,,,,,Dow,C,Infra structure,Dow,D-,0,7,Kingdom of norway,Formosa Plastic Corporation,Orders,,,,,
102,21,Nova Chemicals Corporation,Flexible format contribution to SUP waste,1,,,,,,,,,,,,,,,,,,,,Sinopec,C-,Infra structure,Sinopec,D-,1,7,Government of Japan,Formosa Plastic Corporation,Orders,,,,,
103,21,Nova Chemicals Corporation,Rigid format contribution to SUP waste,0.2,,,,,,,,,,,,,,,,,,,,Indorama Ventures,B,Infra structure,Indorama Ventures,D-,0,7,Dimensional Fund Advisors,Formosa Plastic Corporation,Orders,,,,,
104,21,Nova Chemicals Corporation,Total contribution to SUP waste,1.2,,,,,,,,,,,,,,,,,,,,Saudi Aramco,C,Infra structure,Saudi Aramco,D-,0,7,Vanguard Group,PTT,Orders,,,,,
105,22,Siam Cement Group,No. of assets,12,,,,,,,,,,,,,,,,,,,,PetroChina,E,Infra structure,PetroChina,D-,0,7,State Street,PTT,Orders,,,,,
106,22,Siam Cement Group,Production of in-scope polymers,2.4,,,,,,,,,,,,,,,,,,,,LyondellBasell,C,Infra structure,LyondellBasell,D-,0,7,Kingdom of Thailand,PTT,Orders,,,,,
107,22,Siam Cement Group,Flexible format contribution to SUP waste,0.9,,,,,,,,,,,,,,,,,,,,Reliance Industries,B,Infra structure,Reliance Industries,D-,1,7,People's Republic of China,ExxonMobil,Orders1,,,,,
108,22,Siam Cement Group,Rigid format contribution to SUP waste,0.3,,,,,,,,,,,,,,,,,,,,Braskem,C,Infra structure,Braskem,D-,0,7,kingdom of Saudi Arabia,ExxonMobil,Orders1,,,,,
109,22,Siam Cement Group,Total contribution to SUP waste,1.1,,,,,,,,,,,,,,,,,,,,Alpek SA de CV,B,Infra structure,Alpek SA de CV,D-,0,7,Vanguard Group,ExxonMobil,Orders1,,,,,
110,23,Phillips 66,No. of assets,27,,,,,,,,,,,,,,,,,,,,Borealis,B,Infra structure,Borealis,D-,0,7,BlackRock,ExxonMobil,Orders1,,,,,
111,23,Phillips 66,Production of in-scope polymers,2.4,,,,,,,,,,,,,,,,,,,,Lotte Chemical,C,Infra structure,Lotte Chemical,D-,1,7,Capital Group,ExxonMobil,Orders1,,,,,
112,23,Phillips 66,Flexible format contribution to SUP waste,0.6,,,,,,,,,,,,,,,,,,,,INEOS,C,Infra structure,INEOS,D-,0,7,State Street,ExxonMobil,Orders1,,,,,
113,23,Phillips 66,Rigid format contribution to SUP waste,0.5,,,,,,,,,,,,,,,,,,,,Total,B-,Infra structure,Total,D-,0,7,Kingdom of Norway,ExxonMobil,Orders1,,,,,
114,23,Phillips 66,Total contribution to SUP waste,1,,,,,,,,,,,,,,,,,,,,Jiangsu Hailun Petrochemical,E,Infra structure,Jiangsu Hailun Petrochemical,D-,1,7,Government of Japan,ExxonMobil,Orders1,,,,,
115,24,Zhejiang Wankai,No. of assets,4,2,,,,,,,,,,,,,,,,,,,Far Eastern New Century,B,Infra structure,Far Eastern New Century,D-,0,7,Republic of Korea,ExxonMobil,Orders1,,,,,
116,24,Zhejiang Wankai,Production of in-scope polymers,1,2,,,,,,,,,,,,,,,,,,,Formosa Plastics Corporation,C,Infra structure,Formosa Plastics Corporation,D-,1,7,Dimensional Fund Advisors,ExxonMobil,Orders1,,,,,
117,24,Zhejiang Wankai,Flexible format contribution to SUP waste,0,2,,,,,,,,,,,,,,,,,,,China Energy Investment Group,E,Infra structure,China Energy Investment Group,D-,0,7,Kingdom of Saudi Arabia,Dow,Orders1,,,,,
118,24,Zhejiang Wankai,Rigid format contribution to SUP waste,1,2,,,,,,,,,,,,,,,,,,,PTT,B-,Infra structure,PTT,D-,0,7,Vanguard Group,Dow,Orders1,,,,,
119,24,Zhejiang Wankai,Total contribution to SUP waste,1,2,,,,,,,,,,,,,,,,,,,China Resources,E,Infra structure,China Resources,D-,1,7,BlackRock,Dow,Orders1,,,,,
120,25,Sumitomo Chemical,No. of assets,17,,,,,,,,,,,,,,,,,,,,ExxonMobil,D-,Supplier engagement,ExxonMobil,E,0,3,Capital Group,Dow,Orders1,,,,,
121,25,Sumitomo Chemical,Production of in-scope polymers,2,,,,,,,,,,,,,,,,,,,,Dow,B-,Supplier engagement,Dow,E,0,3,State Street,Dow,Orders1,,,,,
122,25,Sumitomo Chemical,Flexible format contribution to SUP waste,0.7,,,,,,,,,,,,,,,,,,,,Sinopec,D,Supplier engagement,Sinopec,E,0,3,Kingdom of Norway,Dow,Orders1,,,,,
123,25,Sumitomo Chemical,Rigid format contribution to SUP waste,0.3,,,,,,,,,,,,,,,,,,,,Indorama Ventures,B-,Supplier engagement,Indorama Ventures,E,0,3,Government of Japan,Dow,Orders1,,,,,
124,25,Sumitomo Chemical,Total contribution to SUP waste,1,,,,,,,,,,,,,,,,,,,,Saudi Aramco,E,Supplier engagement,Saudi Aramco,E,1,3,Republic of Korea,Dow,Orders1,,,,,
125,26,Jiangyin Chengxing Industrial Group,No. of assets,7,1,,,,,,,,,,,,,,,,,,,PetroChina,E,Supplier engagement,PetroChina,E,1,3,Dimensional Fund Advisors,Dow,Orders1,,,,,
126,26,Jiangyin Chengxing Industrial Group,Production of in-scope polymers,1,1,,,,,,,,,,,,,,,,,,,LyondellBasell,B-,Supplier engagement,LyondellBasell,E,0,3,People's Republic of China,Sinopec,Orders1,,,,,
127,26,Jiangyin Chengxing Industrial Group,Flexible format contribution to SUP waste,0,1,,,,,,,,,,,,,,,,,,,Reliance Industries,C-,Supplier engagement,Reliance Industries,E,0,3,Vanguard Group,Sinopec,Orders1,,,,,
128,26,Jiangyin Chengxing Industrial Group,Rigid format contribution to SUP waste,0.9,1,,,,,,,,,,,,,,,,,,,Braskem,C,Supplier engagement,Braskem,E,0,3,BlackRock,Sinopec,Orders1,,,,,
129,26,Jiangyin Chengxing Industrial Group,Total contribution to SUP waste,0.9,1,,,,,,,,,,,,,,,,,,,Alpek SA de CV,C-,Supplier engagement,Alpek SA de CV,E,0,3,Capital Group,Sinopec,Orders1,,,,,
130,27,Chevron Corporation,No. of assets,21,,,,,,,,,,,,,,,,,,,,Borealis,B-,Supplier engagement,Borealis,E,0,3,State Street,Sinopec,Orders1,,,,,
131,27,Chevron Corporation,Production of in-scope polymers,2.2,,,,,,,,,,,,,,,,,,,,Lotte Chemical,D,Supplier engagement,Lotte Chemical,E,0,3,Kingdom of Norway,Sinopec,Orders1,,,,,
132,27,Chevron Corporation,Flexible format contribution to SUP waste,0.5,,,,,,,,,,,,,,,,,,,,INEOS,C-,Supplier engagement,INEOS,E,0,3,Government of Japan,Sinopec,Orders1,,,,,
133,27,Chevron Corporation,Rigid format contribution to SUP waste,0.4,,,,,,,,,,,,,,,,,,,,Total,C-,Supplier engagement,Total,E,0,3,Dimensional Fund Advisors,Sinopec,Orders1,,,,,
134,27,Chevron Corporation,Total contribution to SUP waste,0.9,,,,,,,,,,,,,,,,,,,,Jiangsu Hailun Petrochemical,E,Supplier engagement,Jiangsu Hailun Petrochemical,E,0,3,Vanguard Group,Indorama Ventures,Orders1,,,,,
135,28,Hanwha Chemical,No. of assets,18,,,,,,,,,,,,,,,,,,,,Far Eastern New Century,C,Supplier engagement,Far Eastern New Century,E,0,3,Canopus International,Indorama Ventures,Orders1,,,,,
136,28,Hanwha Chemical,Production of in-scope polymers,1.6,,,,,,,,,,,,,,,,,,,,Formosa Plastics Corporation,D,Supplier engagement,Formosa Plastics Corporation,E,0,3,State Street,Indorama Ventures,Orders1,,,,,
137,28,Hanwha Chemical,Flexible format contribution to SUP waste,0.7,,,,,,,,,,,,,,,,,,,,China Energy Investment Group,E,Supplier engagement,China Energy Investment Group,E,1,3,Kingdom of Thailand,Indorama Ventures,Orders1,,,,,
138,28,Hanwha Chemical,Rigid format contribution to SUP waste,0.2,,,,,,,,,,,,,,,,,,,,PTT,C,Supplier engagement,PTT,E,0,3,Kingdom of Saudi Arabia,Saudi Aramco,Orders1,,,,,
139,28,Hanwha Chemical,Total contribution to SUP waste,0.9,,,,,,,,,,,,,,,,,,,,China Resources,E,Supplier engagement,China Resources,E,0,3,Vanguard Group,Saudi Aramco,Orders1,,,,,
140,29,China Coal,No. of assets,7,,,,,,,,,,,,,,,,,,,,ExxonMobil,B,Customer engagement,,,,,BlackRock,Saudi Aramco,Orders1,,,,,
141,29,China Coal,Production of in-scope polymers,1.8,,,,,,,,,,,,,,,,,,,,Dow,B,Customer engagement,,,,,State Street,Saudi Aramco,Orders1,,,,,
142,29,China Coal,Flexible format contribution to SUP waste,0.7,,,,,,,,,,,,,,,,,,,,Sinopec,D-,Customer engagement,,,,,Government of Japan,Saudi Aramco,Orders1,,,,,
143,29,China Coal,Rigid format contribution to SUP waste,0.1,,,,,,,,,,,,,,,,,,,,Indorama Ventures,B,Customer engagement,,,,,People's Republic of China,PetroChina,Orders1,,,,,
144,29,China Coal,Total contribution to SUP waste,0.8,,,,,,,,,,,,,,,,,,,,Saudi Aramco,E,Customer engagement,,,,,Vanguard Group,PetroChina,Orders1,,,,,
145,30,Rongsheng Group,No. of assets,9,8,,,,,,,,,,,,,,,,,,,PetroChina,E,Customer engagement,,,,,BlackRock,PetroChina,Orders1,,,,,
146,30,Rongsheng Group,Production of in-scope polymers,1.2,8,,,,,,,,,,,,,,,,,,,LyondellBasell,B,Customer engagement,,,,,State Street,PetroChina,Orders1,,,,,
147,30,Rongsheng Group,Flexible format contribution to SUP waste,0.2,8,,,,,,,,,,,,,,,,,,,Reliance Industries,B-,Customer engagement,,,,,Kingdom of Norway,PetroChina,Orders1,,,,,
148,30,Rongsheng Group,Rigid format contribution to SUP waste,0.7,8,,,,,,,,,,,,,,,,,,,Braskem,B,Customer engagement,,,,,Capital Group,LyondellBaell,Orders1,,,,,
149,30,Rongsheng Group,Total contribution to SUP waste,0.8,8,,,,,,,,,,,,,,,,,,,Alpek SA de CV,C,Customer engagement,,,,,State Street,LyondellBaell,Orders1,,,,,
150,31,Mitsubishi Chemical Corporation,No. of assets,20,,,,,,,,,,,,,,,,,,,,Borealis,B,Customer engagement,,,,,Kingdom of Norway,LyondellBaell,Orders1,,,,,
151,31,Mitsubishi Chemical Corporation,Production of in-scope polymers,1.7,,,,,,,,,,,,,,,,,,,,Lotte Chemical,D-,Customer engagement,,,,,Government of Japan,LyondellBaell,Orders1,,,,,
152,31,Mitsubishi Chemical Corporation,Flexible format contribution to SUP waste,0.5,,,,,,,,,,,,,,,,,,,,INEOS,C-,Customer engagement,,,,,Access Industries,LyondellBaell,Orders1,,,,,
153,31,Mitsubishi Chemical Corporation,Rigid format contribution to SUP waste,0.4,,,,,,,,,,,,,,,,,,,,Total,B-,Customer engagement,,,,,Dimensional Fund Advisors,LyondellBaell,Orders1,,,,,
154,31,Mitsubishi Chemical Corporation,Total contribution to SUP waste,0.8,,,,,,,,,,,,,,,,,,,,Jiangsu Hailun Petrochemical,E,Customer engagement,,,,,Vanguard Group,Reliance Industries Ltd,Orders1,,,,,
155,32,SIBUR,No. of assets,13,,,,,,,,,,,,,,,,,,,,Far Eastern New Century,B,Customer engagement,,,,,BlackRock,Reliance Industries Ltd,Orders1,,,,,
156,32,SIBUR,Production of in-scope polymers,1.3,,,,,,,,,,,,,,,,,,,,Formosa Plastics Corporation,D-,Customer engagement,,,,,Capital Group,Reliance Industries Ltd,Orders1,,,,,
157,32,SIBUR,Flexible format contribution to SUP waste,0.4,,,,,,,,,,,,,,,,,,,,China Energy Investment Group,E,Customer engagement,,,,,Republic of India,Reliance Industries Ltd,Orders1,,,,,
158,32,SIBUR,Rigid format contribution to SUP waste,0.4,,,,,,,,,,,,,,,,,,,,PTT,B,Customer engagement,,,,,State Street,Reliance Industries Ltd,Orders1,,,,,
159,32,SIBUR,Total contribution to SUP waste,0.8,,,,,,,,,,,,,,,,,,,,China Resources,E,Customer engagement,,,,,Ambani Family,Reliance Industries Ltd,Orders1,,,,,
160,33,Abu Dhabi National Oil Company,No. of assets,10,,,,,,,,,,,,,,,,,,,,ExxonMobil,E,per cent recycled inflows,,,,,Kingdom of Norway,Reliance Industries Ltd,Orders1,,,,,
161,33,Abu Dhabi National Oil Company,Production of in-scope polymers,1.9,,,,,,,,,,,,,,,,,,,,Dow,E,per cent recycled inflows,,,,,Government of Japan,Reliance Industries Ltd,Orders1,,,,,
162,33,Abu Dhabi National Oil Company,Flexible format contribution to SUP waste,0.6,,,,,,,,,,,,,,,,,,,,Sinopec,E,per cent recycled inflows,,,,,Dimensional Fund Advisors,Reliance Industries Ltd,Orders1,,,,,
163,33,Abu Dhabi National Oil Company,Rigid format contribution to SUP waste,0.2,,,,,,,,,,,,,,,,,,,,Indorama Ventures,E,per cent recycled inflows,,,,,Vanguard Group,Braskem,Orders1,,,,,
164,33,Abu Dhabi National Oil Company,Total contribution to SUP waste,0.8,,,,,,,,,,,,,,,,,,,,Saudi Aramco,E,per cent recycled inflows,,,,,BlackRock,Braskem,Orders1,,,,,
165,34,GAIL India,No. of assets,14,,,,,,,,,,,,,,,,,,,,PetroChina,E,per cent recycled inflows,,,,,Capital Group,Braskem,Orders1,,,,,
166,34,GAIL India,Production of in-scope polymers,1.6,,,,,,,,,,,,,,,,,,,,LyondellBasell,E,per cent recycled inflows,,,,,State Street,Braskem,Orders1,,,,,
167,34,GAIL India,Flexible format contribution to SUP waste,0.6,,,,,,,,,,,,,,,,,,,,Reliance Industries,E,per cent recycled inflows,,,,,Kieppe Patrimonial,Braskem,Orders1,,,,,
168,34,GAIL India,Rigid format contribution to SUP waste,0.1,,,,,,,,,,,,,,,,,,,,Braskem,E,per cent recycled inflows,,,,,Kingdom of Norway,Braskem,Orders1,,,,,
169,34,GAIL India,Total contribution to SUP waste,0.7,,,,,,,,,,,,,,,,,,,,Alpek SA de CV,E,per cent recycled inflows,,,,,Government of Japan,Braskem,Orders1,,,,,
170,35,LG Chem,No. of assets,7,,,,,,,,,,,,,,,,,,,,Borealis,E,per cent recycled inflows,,,,,Dimensional Fund Advisors,Braskem,Orders1,,,,,
171,35,LG Chem,Production of in-scope polymers,1.4,,,,,,,,,,,,,,,,,,,,Lotte Chemical,E,per cent recycled inflows,,,,,Vanguard Group,Alpek SA de CV,Orders1,,,,,
172,35,LG Chem,Flexible format contribution to SUP waste,0.5,,,,,,,,,,,,,,,,,,,,INEOS,E,per cent recycled inflows,,,,,BlackRock,Alpek SA de CV,Orders1,,,,,
173,35,LG Chem,Rigid format contribution to SUP waste,0.2,,,,,,,,,,,,,,,,,,,,Total,E,per cent recycled inflows,,,,,State Street,Alpek SA de CV,Orders1,,,,,
174,35,LG Chem,Total contribution to SUP waste,0.7,,,,,,,,,,,,,,,,,,,,Jiangsu Hailun Petrochemical,E,per cent recycled inflows,,,,,Kingdom of Norway,Alpek SA de CV,Orders1,,,,,
175,36,Westlake Chemical Corporation,No. of assets,10,,,,,,,,,,,,,,,,,,,,Far Eastern New Century,E,per cent recycled inflows,,,,,Government of Japan,Alpek SA de CV,Orders1,,,,,
176,36,Westlake Chemical Corporation,Production of in-scope polymers,1,,,,,,,,,,,,,,,,,,,,Formosa Plastics Corporation,E,per cent recycled inflows,,,,,Dimensional Fund Advisors,Alpek SA de CV,Orders1,,,,,
177,36,Westlake Chemical Corporation,Flexible format contribution to SUP waste,0.5,,,,,,,,,,,,,,,,,,,,China Energy Investment Group,E,per cent recycled inflows,,,,,Vanguard Group,Borealis,Orders1,,,,,
178,36,Westlake Chemical Corporation,Rigid format contribution to SUP waste,0.1,,,,,,,,,,,,,,,,,,,,PTT,E,per cent recycled inflows,,,,,BlackRock,Borealis,Orders1,,,,,
179,36,Westlake Chemical Corporation,Total contribution to SUP waste,0.6,,,,,,,,,,,,,,,,,,,,China Resources,E,per cent recycled inflows,,,,,Emirate of Abu Dhabi,Borealis,Orders1,,,,,
180,37,Mitsui Chemicals,No. of assets,17,,,,,,,,,,,,,,,,,,,,ExxonMobil,E,Per cent outflow not recycled,,,,,State Street,Borealis,Orders1,,,,,
181,37,Mitsui Chemicals,Production of in-scope polymers,1.1,,,,,,,,,,,,,,,,,,,,Dow,E,Per cent outflow not recycled,,,,,Kingdom of Norway,Borealis,Orders1,,,,,
182,37,Mitsui Chemicals,Flexible format contribution to SUP waste,0.2,,,,,,,,,,,,,,,,,,,,Sinopec,E,Per cent outflow not recycled,,,,,Government of Japan,Borealis,Orders1,,,,,
183,37,Mitsui Chemicals,Rigid format contribution to SUP waste,0.4,,,,,,,,,,,,,,,,,,,,Indorama Ventures,D,Per cent outflow not recycled,,,,,Dimensional Fund Advisors,Borealis,Orders1,,,,,
184,37,Mitsui Chemicals,Total contribution to SUP waste,0.6,,,,,,,,,,,,,,,,,,,,Saudi Aramco,E,Per cent outflow not recycled,,,,,Vanguard Group,Lotte Chemical,Orders1,,,,,
185,38,Sasol,No. of assets,5,,,,,,,,,,,,,,,,,,,,PetroChina,E,Per cent outflow not recycled,,,,,BlackRock,Lotte Chemical,Orders1,,,,,
186,38,Sasol,Production of in-scope polymers,1.2,,,,,,,,,,,,,,,,,,,,LyondellBasell,E,Per cent outflow not recycled,,,,,State Street,Lotte Chemical,Orders1,,,,,
187,38,Sasol,Flexible format contribution to SUP waste,0.5,,,,,,,,,,,,,,,,,,,,Reliance Industries,D-,Per cent outflow not recycled,,,,,Kingdom of norway,Lotte Chemical,Orders1,,,,,
188,38,Sasol,Rigid format contribution to SUP waste,0.1,,,,,,,,,,,,,,,,,,,,Braskem,E,Per cent outflow not recycled,,,,,Government of Japan,Lotte Chemical,Orders1,,,,,
189,38,Sasol,Total contribution to SUP waste,0.6,,,,,,,,,,,,,,,,,,,,Alpek SA de CV,D,Per cent outflow not recycled,,,,,Republic of Korea,Lotte Chemical,Orders1,,,,,
190,39,Zhejiang Hengyi Group,No. of assets,2,,,,,,,,,,,,,,,,,,,,Borealis,E,Per cent outflow not recycled,,,,,Dimensional Fund Advisors,Lotte Chemical,Orders1,,,,,
191,39,Zhejiang Hengyi Group,Production of in-scope polymers,0.6,,,,,,,,,,,,,,,,,,,,Lotte Chemical,D-,Per cent outflow not recycled,,,,,Lotte Holdings,Lotte Chemical,Orders1,,,,,
192,39,Zhejiang Hengyi Group,Flexible format contribution to SUP waste,0,,,,,,,,,,,,,,,,,,,,INEOS,E,Per cent outflow not recycled,,,,,Vanguard Group,Total,Orders1,,,,,
193,39,Zhejiang Hengyi Group,Rigid format contribution to SUP waste,0.6,,,,,,,,,,,,,,,,,,,,Total,E,Per cent outflow not recycled,,,,,BlackRock,Total,Orders1,,,,,
194,39,Zhejiang Hengyi Group,Total contribution to SUP waste,0.6,,,,,,,,,,,,,,,,,,,,Jiangsu Hailun Petrochemical,C,Per cent outflow not recycled,,,,,Capital Group,Total,Orders1,,,,,
195,40,Eni,No. of assets,8,,,,,,,,,,,,,,,,,,,,Far Eastern New Century,C-,Per cent outflow not recycled,,,,,State Street,Total,Orders1,,,,,
196,40,Eni,Production of in-scope polymers,1,,,,,,,,,,,,,,,,,,,,Formosa Plastics Corporation,E,Per cent outflow not recycled,,,,,Kingdom of Norway,Total,Orders1,,,,,
197,40,Eni,Flexible format contribution to SUP waste,0.5,,,,,,,,,,,,,,,,,,,,China Energy Investment Group,E,Per cent outflow not recycled,,,,,Government of Japan,Total,Orders1,,,,,
198,40,Eni,Rigid format contribution to SUP waste,0.1,,,,,,,,,,,,,,,,,,,,PTT,E,Per cent outflow not recycled,,,,,Dimensional Fund Advisors,Total,Orders1,,,,,
199,40,Eni,Total contribution to SUP waste,0.6,,,,,,,,,,,,,,,,,,,,China Resources,C,Per cent outflow not recycled,,,,,Vanguard Group,Far Eastern New Century,Orders1,,,,,
200,41,Yanchang Group,No. of assets,7,,,,,,,,,,,,,,,,,,,,,,,,,,,BlackRock,Far Eastern New Century,Orders1,,,,,
201,41,Yanchang Group,Production of in-scope polymers,1.5,,,,,,,,,,,,,,,,,,,,,,,,,,,State Street,Far Eastern New Century,Orders1,,,,,
202,41,Yanchang Group,Flexible format contribution to SUP waste,0.4,,,,,,,,,,,,,,,,,,,,,,,,,,,Kingdom of Norway,Far Eastern New Century,Orders1,,,,,
203,41,Yanchang Group,Rigid format contribution to SUP waste,0.1,,,,,,,,,,,,,,,,,,,,,,,,,,,Government of Japan,Far Eastern New Century,Orders1,,,,,
204,41,Yanchang Group,Total contribution to SUP waste,0.6,,,,,,,,,,,,,,,,,,,,,,,,,,,Dimensional Fund Advisors,Far Eastern New Century,Orders1,,,,,
205,42,Repsol,No. of assets,12,,,,,,,,,,,,,,,,,,,,,,,,,,,Vanguard Group,Formosa Plastic Corporation,Orders1,,,,,
206,42,Repsol,Production of in-scope polymers,1.1,,,,,,,,,,,,,,,,,,,,,,,,,,,BlackRock,Formosa Plastic Corporation,Orders1,,,,,
207,42,Repsol,Flexible format contribution to SUP waste,0.4,,,,,,,,,,,,,,,,,,,,,,,,,,,State Street,Formosa Plastic Corporation,Orders1,,,,,
208,42,Repsol,Rigid format contribution to SUP waste,0.2,,,,,,,,,,,,,,,,,,,,,,,,,,,Kingdom of norway,Formosa Plastic Corporation,Orders1,,,,,
209,42,Repsol,Total contribution to SUP waste,0.6,,,,,,,,,,,,,,,,,,,,,,,,,,,Government of Japan,Formosa Plastic Corporation,Orders1,,,,,
210,43,Indian Oil Corporation,No. of assets,6,,,,,,,,,,,,,,,,,,,,,,,,,,,Dimensional Fund Advisors,Formosa Plastic Corporation,Orders1,,,,,
211,43,Indian Oil Corporation,Production of in-scope polymers,1.2,,,,,,,,,,,,,,,,,,,,,,,,,,,Vanguard Group,PTT,Orders1,,,,,
212,43,Indian Oil Corporation,Flexible format contribution to SUP waste,0.5,,,,,,,,,,,,,,,,,,,,,,,,,,,State Street,PTT,Orders1,,,,,
213,43,Indian Oil Corporation,Rigid format contribution to SUP waste,0.1,,,,,,,,,,,,,,,,,,,,,,,,,,,Kingdom of Thailand,PTT,Orders1,,,,,
214,43,Indian Oil Corporation,Total contribution to SUP waste,0.6,,,,,,,,,,,,,,,,,,,,,,,,,,,,,,,,,,
215,44,Nan Ya Plastics Coporation,No. of assets,2,,,,,,,,,,,,,,,,,,,,,,,,,,,,,,,,,,
216,44,Nan Ya Plastics Coporation,Production of in-scope polymers,0.5,,,,,,,,,,,,,,,,,,,,,,,,,,,,,,,,,,
217,44,Nan Ya Plastics Coporation,Flexible format contribution to SUP waste,0,,,,,,,,,,,,,,,,,,,,,,,,,,,,,,,,,,
218,44,Nan Ya Plastics Coporation,Rigid format contribution to SUP waste,0.5,,,,,,,,,,,,,,,,,,,,,,,,,,,,,,,,,,
219,44,Nan Ya Plastics Coporation,Total contribution to SUP waste,0.5,,,,,,,,,,,,,,,,,,,,,,,,,,,,,,,,,,
220,45,SK Innovation Co,No. of assets,10,,,,,,,,,,,,,,,,,,,,,,,,,,,,,,,,,,
221,45,SK Innovation Co,Production of in-scope polymers,1.1,,,,,,,,,,,,,,,,,,,,,,,,,,,,,,,,,,
222,45,SK Innovation Co,Flexible format contribution to SUP waste,0.4,,,,,,,,,,,,,,,,,,,,,,,,,,,,,,,,,,
223,45,SK Innovation Co,Rigid format contribution to SUP waste,0.1,,,,,,,,,,,,,,,,,,,,,,,,,,,,,,,,,,
224,45,SK Innovation Co,Total contribution to SUP waste,0.5,,,,,,,,,,,,,,,,,,,,,,,,,,,,,,,,,,
225,46,Oil and Natural Gas Corporation,No. of assets,1,,,,,,,,,,,,,,,,,,,,,,,,,,,,,,,,,,
226,46,Oil and Natural Gas Corporation,Production of in-scope polymers,1.2,,,,,,,,,,,,,,,,,,,,,,,,,,,,,,,,,,
227,46,Oil and Natural Gas Corporation,Flexible format contribution to SUP waste,0.4,,,,,,,,,,,,,,,,,,,,,,,,,,,,,,,,,,
228,46,Oil and Natural Gas Corporation,Rigid format contribution to SUP waste,0.1,,,,,,,,,,,,,,,,,,,,,,,,,,,,,,,,,,
229,46,Oil and Natural Gas Corporation,Total contribution to SUP waste,0.5,,,,,,,,,,,,,,,,,,,,,,,,,,,,,,,,,,
230,47,Octal,No. of assets,6,,,,,,,,,,,,,,,,,,,,,,,,,,,,,,,,,,
231,47,Octal,Production of in-scope polymers,0.6,,,,,,,,,,,,,,,,,,,,,,,,,,,,,,,,,,
232,47,Octal,Flexible format contribution to SUP waste,0,,,,,,,,,,,,,,,,,,,,,,,,,,,,,,,,,,
233,47,Octal,Rigid format contribution to SUP waste,0.5,,,,,,,,,,,,,,,,,,,,,,,,,,,,,,,,,,
234,47,Octal,Total contribution to SUP waste,0.5,,,,,,,,,,,,,,,,,,,,,,,,,,,,,,,,,,
235,48,JBF Industries,No. of assets,3,,,,,,,,,,,,,,,,,,,,,,,,,,,,,,,,,,
236,48,JBF Industries,Production of in-scope polymers,0.5,,,,,,,,,,,,,,,,,,,,,,,,,,,,,,,,,,
237,48,JBF Industries,Flexible format contribution to SUP waste,0,,,,,,,,,,,,,,,,,,,,,,,,,,,,,,,,,,
238,48,JBF Industries,Rigid format contribution to SUP waste,0.5,,,,,,,,,,,,,,,,,,,,,,,,,,,,,,,,,,
239,48,JBF Industries,Total contribution to SUP waste,0.5,,,,,,,,,,,,,,,,,,,,,,,,,,,,,,,,,,
240,49,MOL Hungarian Oil and Gas,No. of assets,7,,,,,,,,,,,,,,,,,,,,,,,,,,,,,,,,,,
241,49,MOL Hungarian Oil and Gas,Production of in-scope polymers,1.1,,,,,,,,,,,,,,,,,,,,,,,,,,,,,,,,,,
242,49,MOL Hungarian Oil and Gas,Flexible format contribution to SUP waste,0.3,,,,,,,,,,,,,,,,,,,,,,,,,,,,,,,,,,
243,49,MOL Hungarian Oil and Gas,Rigid format contribution to SUP waste,0.2,,,,,,,,,,,,,,,,,,,,,,,,,,,,,,,,,,
244,49,MOL Hungarian Oil and Gas,Total contribution to SUP waste,0.5,,,,,,,,,,,,,,,,,,,,,,,,,,,,,,,,,,
245,50,Bakhtar Petrochemical,No. of assets,6,,,,,,,,,,,,,,,,,,,,,,,,,,,,,,,,,,
246,50,Bakhtar Petrochemical,Production of in-scope polymers,1,,,,,,,,,,,,,,,,,,,,,,,,,,,,,,,,,,
247,50,Bakhtar Petrochemical,Flexible format contribution to SUP waste,0.4,,,,,,,,,,,,,,,,,,,,,,,,,,,,,,,,,,
248,50,Bakhtar Petrochemical,Rigid format contribution to SUP waste,0.1,,,,,,,,,,,,,,,,,,,,,,,,,,,,,,,,,,
249,50,Bakhtar Petrochemical,Total contribution to SUP waste,0.5,,,,,,,,,,,,,,,,,,,,,,,,,,,,,,,,,,
250,51,Shell,No. of assets,14,,,,,,,,,,,,,,,,,,,,,,,,,,,,,,,,,,
251,51,Shell,Production of in-scope polymers,1,,,,,,,,,,,,,,,,,,,,,,,,,,,,,,,,,,
252,51,Shell,Flexible format contribution to SUP waste,0.3,,,,,,,,,,,,,,,,,,,,,,,,,,,,,,,,,,
253,51,Shell,Rigid format contribution to SUP waste,0.1,,,,,,,,,,,,,,,,,,,,,,,,,,,,,,,,,,
254,51,Shell,Total contribution to SUP waste,0.4,,,,,,,,,,,,,,,,,,,,,,,,,,,,,,,,,,
255,52,Neo Group,No. of assets,1,,,,,,,,,,,,,,,,,,,,,,,,,,,,,,,,,,
256,52,Neo Group,Production of in-scope polymers,0.4,,,,,,,,,,,,,,,,,,,,,,,,,,,,,,,,,,
257,52,Neo Group,Flexible format contribution to SUP waste,0,,,,,,,,,,,,,,,,,,,,,,,,,,,,,,,,,,
258,52,Neo Group,Rigid format contribution to SUP waste,0.4,,,,,,,,,,,,,,,,,,,,,,,,,,,,,,,,,,
259,52,Neo Group,Total contribution to SUP waste,0.4,,,,,,,,,,,,,,,,,,,,,,,,,,,,,,,,,,
260,53,Haldia Petrochemicals Ltd,No. of assets,5,,,,,,,,,,,,,,,,,,,,,,,,,,,,,,,,,,
261,53,Haldia Petrochemicals Ltd,Production of in-scope polymers,0.9,,,,,,,,,,,,,,,,,,,,,,,,,,,,,,,,,,
262,53,Haldia Petrochemicals Ltd,Flexible format contribution to SUP waste,0.3,,,,,,,,,,,,,,,,,,,,,,,,,,,,,,,,,,
263,53,Haldia Petrochemicals Ltd,Rigid format contribution to SUP waste,0.1,,,,,,,,,,,,,,,,,,,,,,,,,,,,,,,,,,
264,53,Haldia Petrochemicals Ltd,Total contribution to SUP waste,0.4,,,,,,,,,,,,,,,,,,,,,,,,,,,,,,,,,,
265,54,China National Offshore Oil Corporation,No. of assets,6,,,,,,,,,,,,,,,,,,,,,,,,,,,,,,,,,,
266,54,China National Offshore Oil Corporation,Production of in-scope polymers,0.8,,,,,,,,,,,,,,,,,,,,,,,,,,,,,,,,,,
267,54,China National Offshore Oil Corporation,Flexible format contribution to SUP waste,0.3,,,,,,,,,,,,,,,,,,,,,,,,,,,,,,,,,,
268,54,China National Offshore Oil Corporation,Rigid format contribution to SUP waste,0.1,,,,,,,,,,,,,,,,,,,,,,,,,,,,,,,,,,
269,54,China National Offshore Oil Corporation,Total contribution to SUP waste,0.4,,,,,,,,,,,,,,,,,,,,,,,,,,,,,,,,,,
270,55,Tasnee,No. of assets,2,,,,,,,,,,,,,,,,,,,,,,,,,,,,,,,,,,
271,55,Tasnee,Production of in-scope polymers,0.9,,,,,,,,,,,,,,,,,,,,,,,,,,,,,,,,,,
272,55,Tasnee,Flexible format contribution to SUP waste,0.3,,,,,,,,,,,,,,,,,,,,,,,,,,,,,,,,,,
273,55,Tasnee,Rigid format contribution to SUP waste,0.1,,,,,,,,,,,,,,,,,,,,,,,,,,,,,,,,,,
274,55,Tasnee,Total contribution to SUP waste,0.4,,,,,,,,,,,,,,,,,,,,,,,,,,,,,,,,,,
275,56,Eastern Petrochemical Company,No. of assets,6,,,,,,,,,,,,,,,,,,,,,,,,,,,,,,,,,,
276,56,Eastern Petrochemical Company,Production of in-scope polymers,0.7,,,,,,,,,,,,,,,,,,,,,,,,,,,,,,,,,,
277,56,Eastern Petrochemical Company,Flexible format contribution to SUP waste,0.3,,,,,,,,,,,,,,,,,,,,,,,,,,,,,,,,,,
278,56,Eastern Petrochemical Company,Rigid format contribution to SUP waste,0,,,,,,,,,,,,,,,,,,,,,,,,,,,,,,,,,,
279,56,Eastern Petrochemical Company,Total contribution to SUP waste,0.4,,,,,,,,,,,,,,,,,,,,,,,,,,,,,,,,,,
280,57,Qatar Petroleum,No. of assets,0,,,,,,,,,,,,,,,,,,,,,,,,,,,,,,,,,,
281,57,Qatar Petroleum,Production of in-scope polymers,0.6,,,,,,,,,,,,,,,,,,,,,,,,,,,,,,,,,,
282,57,Qatar Petroleum,Flexible format contribution to SUP waste,0.3,,,,,,,,,,,,,,,,,,,,,,,,,,,,,,,,,,
283,57,Qatar Petroleum,Rigid format contribution to SUP waste,0.1,,,,,,,,,,,,,,,,,,,,,,,,,,,,,,,,,,
284,57,Qatar Petroleum,Total contribution to SUP waste,0.4,,,,,,,,,,,,,,,,,,,,,,,,,,,,,,,,,,
285,58,Shinkong,No. of assets,16,,,,,,,,,,,,,,,,,,,,,,,,,,,,,,,,,,
286,58,Shinkong,Production of in-scope polymers,0.4,,,,,,,,,,,,,,,,,,,,,,,,,,,,,,,,,,
287,58,Shinkong,Flexible format contribution to SUP waste,0,,,,,,,,,,,,,,,,,,,,,,,,,,,,,,,,,,
288,58,Shinkong,Rigid format contribution to SUP waste,0.4,,,,,,,,,,,,,,,,,,,,,,,,,,,,,,,,,,
289,58,Shinkong,Total contribution to SUP waste,0.4,,,,,,,,,,,,,,,,,,,,,,,,,,,,,,,,,,
290,59,Sahara International Petrochemical,No. of assets,4,,,,,,,,,,,,,,,,,,,,,,,,,,,,,,,,,,
291,59,Sahara International Petrochemical,Production of in-scope polymers,0.8,,,,,,,,,,,,,,,,,,,,,,,,,,,,,,,,,,
292,59,Sahara International Petrochemical,Flexible format contribution to SUP waste,0.2,,,,,,,,,,,,,,,,,,,,,,,,,,,,,,,,,,
293,59,Sahara International Petrochemical,Rigid format contribution to SUP waste,0.1,,,,,,,,,,,,,,,,,,,,,,,,,,,,,,,,,,
294,59,Sahara International Petrochemical,Total contribution to SUP waste,0.3,,,,,,,,,,,,,,,,,,,,,,,,,,,,,,,,,,
295,60,Air Liquide,No. of assets,4,,,,,,,,,,,,,,,,,,,,,,,,,,,,,,,,,,
296,60,Air Liquide,Production of in-scope polymers,0.7,,,,,,,,,,,,,,,,,,,,,,,,,,,,,,,,,,
297,60,Air Liquide,Flexible format contribution to SUP waste,0.3,,,,,,,,,,,,,,,,,,,,,,,,,,,,,,,,,,
298,60,Air Liquide,Rigid format contribution to SUP waste,0.1,,,,,,,,,,,,,,,,,,,,,,,,,,,,,,,,,,
299,60,Air Liquide,Total contribution to SUP waste,0.3,,,,,,,,,,,,,,,,,,,,,,,,,,,,,,,,,,
300,61,Formosa Chemicals & Fibre Corporation,No. of assets,6,,,,,,,,,,,,,,,,,,,,,,,,,,,,,,,,,,
301,61,Formosa Chemicals & Fibre Corporation,Production of in-scope polymers,0.6,,,,,,,,,,,,,,,,,,,,,,,,,,,,,,,,,,
302,61,Formosa Chemicals & Fibre Corporation,Flexible format contribution to SUP waste,0.1,,,,,,,,,,,,,,,,,,,,,,,,,,,,,,,,,,
303,61,Formosa Chemicals & Fibre Corporation,Rigid format contribution to SUP waste,0.2,,,,,,,,,,,,,,,,,,,,,,,,,,,,,,,,,,
304,61,Formosa Chemicals & Fibre Corporation,Total contribution to SUP waste,0.3,,,,,,,,,,,,,,,,,,,,,,,,,,,,,,,,,,
305,62,Korea Petrochemical Industrial,No. of assets,1,,,,,,,,,,,,,,,,,,,,,,,,,,,,,,,,,,
306,62,Korea Petrochemical Industrial,Production of in-scope polymers,0.9,,,,,,,,,,,,,,,,,,,,,,,,,,,,,,,,,,
307,62,Korea Petrochemical Industrial,Flexible format contribution to SUP waste,0.2,,,,,,,,,,,,,,,,,,,,,,,,,,,,,,,,,,
308,62,Korea Petrochemical Industrial,Rigid format contribution to SUP waste,0.1,,,,,,,,,,,,,,,,,,,,,,,,,,,,,,,,,,
309,62,Korea Petrochemical Industrial,Total contribution to SUP waste,0.3,,,,,,,,,,,,,,,,,,,,,,,,,,,,,,,,,,
310,63,Gatron Industries,No. of assets,5,,,,,,,,,,,,,,,,,,,,,,,,,,,,,,,,,,
311,63,Gatron Industries,Production of in-scope polymers,0.4,,,,,,,,,,,,,,,,,,,,,,,,,,,,,,,,,,
312,63,Gatron Industries,Flexible format contribution to SUP waste,0,,,,,,,,,,,,,,,,,,,,,,,,,,,,,,,,,,
313,63,Gatron Industries,Rigid format contribution to SUP waste,0.3,,,,,,,,,,,,,,,,,,,,,,,,,,,,,,,,,,
314,63,Gatron Industries,Total contribution to SUP waste,0.3,,,,,,,,,,,,,,,,,,,,,,,,,,,,,,,,,,
315,64,Equate Petrochemical Company,No. of assets,6,,,,,,,,,,,,,,,,,,,,,,,,,,,,,,,,,,
316,64,Equate Petrochemical Company,Production of in-scope polymers,0.6,,,,,,,,,,,,,,,,,,,,,,,,,,,,,,,,,,
317,64,Equate Petrochemical Company,Flexible format contribution to SUP waste,0.1,,,,,,,,,,,,,,,,,,,,,,,,,,,,,,,,,,
318,64,Equate Petrochemical Company,Rigid format contribution to SUP waste,0.2,,,,,,,,,,,,,,,,,,,,,,,,,,,,,,,,,,
319,64,Equate Petrochemical Company,Total contribution to SUP waste,0.3,,,,,,,,,,,,,,,,,,,,,,,,,,,,,,,,,,
320,65,Baofeng,No. of assets,3,,,,,,,,,,,,,,,,,,,,,,,,,,,,,,,,,,
321,65,Baofeng,Production of in-scope polymers,0.7,,,,,,,,,,,,,,,,,,,,,,,,,,,,,,,,,,
322,65,Baofeng,Flexible format contribution to SUP waste,0.2,,,,,,,,,,,,,,,,,,,,,,,,,,,,,,,,,,
323,65,Baofeng,Rigid format contribution to SUP waste,0.1,,,,,,,,,,,,,,,,,,,,,,,,,,,,,,,,,,
324,65,Baofeng,Total contribution to SUP waste,0.3,,,,,,,,,,,,,,,,,,,,,,,,,,,,,,,,,,
325,66,National Petrochemical Company (Saudi Arabia),No. of assets,8,,,,,,,,,,,,,,,,,,,,,,,,,,,,,,,,,,
326,66,National Petrochemical Company (Saudi Arabia),Production of in-scope polymers,1,,,,,,,,,,,,,,,,,,,,,,,,,,,,,,,,,,
327,66,National Petrochemical Company (Saudi Arabia),Flexible format contribution to SUP waste,0.2,,,,,,,,,,,,,,,,,,,,,,,,,,,,,,,,,,
328,66,National Petrochemical Company (Saudi Arabia),Rigid format contribution to SUP waste,0.1,,,,,,,,,,,,,,,,,,,,,,,,,,,,,,,,,,
329,66,National Petrochemical Company (Saudi Arabia),Total contribution to SUP waste,0.3,,,,,,,,,,,,,,,,,,,,,,,,,,,,,,,,,,
330,67,PT Chandra Asri Petrochemical,No. of assets,6,,,,,,,,,,,,,,,,,,,,,,,,,,,,,,,,,,
331,67,PT Chandra Asri Petrochemical,Production of in-scope polymers,0.6,,,,,,,,,,,,,,,,,,,,,,,,,,,,,,,,,,
332,67,PT Chandra Asri Petrochemical,Flexible format contribution to SUP waste,0.2,,,,,,,,,,,,,,,,,,,,,,,,,,,,,,,,,,
333,67,PT Chandra Asri Petrochemical,Rigid format contribution to SUP waste,0.1,,,,,,,,,,,,,,,,,,,,,,,,,,,,,,,,,,
334,67,PT Chandra Asri Petrochemical,Total contribution to SUP waste,0.3,,,,,,,,,,,,,,,,,,,,,,,,,,,,,,,,,,
335,68,PKN Orlen,No. of assets,2,,,,,,,,,,,,,,,,,,,,,,,,,,,,,,,,,,
336,68,PKN Orlen,Production of in-scope polymers,0.8,,,,,,,,,,,,,,,,,,,,,,,,,,,,,,,,,,
337,68,PKN Orlen,Flexible format contribution to SUP waste,0.1,,,,,,,,,,,,,,,,,,,,,,,,,,,,,,,,,,
338,68,PKN Orlen,Rigid format contribution to SUP waste,0.2,,,,,,,,,,,,,,,,,,,,,,,,,,,,,,,,,,
339,68,PKN Orlen,Total contribution to SUP waste,0.3,,,,,,,,,,,,,,,,,,,,,,,,,,,,,,,,,,
340,69,Dhunseri Petrochem,No. of assets,4,,,,,,,,,,,,,,,,,,,,,,,,,,,,,,,,,,
341,69,Dhunseri Petrochem,Production of in-scope polymers,0.3,,,,,,,,,,,,,,,,,,,,,,,,,,,,,,,,,,
342,69,Dhunseri Petrochem,Flexible format contribution to SUP waste,0,,,,,,,,,,,,,,,,,,,,,,,,,,,,,,,,,,
343,69,Dhunseri Petrochem,Rigid format contribution to SUP waste,0.3,,,,,,,,,,,,,,,,,,,,,,,,,,,,,,,,,,
344,69,Dhunseri Petrochem,Total contribution to SUP waste,0.3,,,,,,,,,,,,,,,,,,,,,,,,,,,,,,,,,,
345,70,Bazan Group,No. of assets,7,,,,,,,,,,,,,,,,,,,,,,,,,,,,,,,,,,
346,70,Bazan Group,Production of in-scope polymers,0.7,,,,,,,,,,,,,,,,,,,,,,,,,,,,,,,,,,
347,70,Bazan Group,Flexible format contribution to SUP waste,0.2,,,,,,,,,,,,,,,,,,,,,,,,,,,,,,,,,,
348,70,Bazan Group,Rigid format contribution to SUP waste,0.1,,,,,,,,,,,,,,,,,,,,,,,,,,,,,,,,,,
349,70,Bazan Group,Total contribution to SUP waste,0.3,,,,,,,,,,,,,,,,,,,,,,,,,,,,,,,,,,
350,71,Daelim Group,No. of assets,3,,,,,,,,,,,,,,,,,,,,,,,,,,,,,,,,,,
351,71,Daelim Group,Production of in-scope polymers,0.7,,,,,,,,,,,,,,,,,,,,,,,,,,,,,,,,,,
352,71,Daelim Group,Flexible format contribution to SUP waste,0.2,,,,,,,,,,,,,,,,,,,,,,,,,,,,,,,,,,
353,71,Daelim Group,Rigid format contribution to SUP waste,0.1,,,,,,,,,,,,,,,,,,,,,,,,,,,,,,,,,,
354,71,Daelim Group,Total contribution to SUP waste,0.3,,,,,,,,,,,,,,,,,,,,,,,,,,,,,,,,,,
355,72,KAP Industrial Holdings,No. of assets,7,,,,,,,,,,,,,,,,,,,,,,,,,,,,,,,,,,
356,72,KAP Industrial Holdings,Production of in-scope polymers,0.5,,,,,,,,,,,,,,,,,,,,,,,,,,,,,,,,,,
357,72,KAP Industrial Holdings,Flexible format contribution to SUP waste,0,,,,,,,,,,,,,,,,,,,,,,,,,,,,,,,,,,
358,72,KAP Industrial Holdings,Rigid format contribution to SUP waste,0.2,,,,,,,,,,,,,,,,,,,,,,,,,,,,,,,,,,
359,72,KAP Industrial Holdings,Total contribution to SUP waste,0.3,,,,,,,,,,,,,,,,,,,,,,,,,,,,,,,,,,
360,73,Petroleos Mexicanos,No. of assets,3,,,,,,,,,,,,,,,,,,,,,,,,,,,,,,,,,,
361,73,Petroleos Mexicanos,Production of in-scope polymers,0.5,,,,,,,,,,,,,,,,,,,,,,,,,,,,,,,,,,
362,73,Petroleos Mexicanos,Flexible format contribution to SUP waste,0.2,,,,,,,,,,,,,,,,,,,,,,,,,,,,,,,,,,
363,73,Petroleos Mexicanos,Rigid format contribution to SUP waste,0.1,,,,,,,,,,,,,,,,,,,,,,,,,,,,,,,,,,
364,73,Petroleos Mexicanos,Total contribution to SUP waste,0.3,,,,,,,,,,,,,,,,,,,,,,,,,,,,,,,,,,
365,74,Pucheng Clean Energy,No. of assets,4,,,,,,,,,,,,,,,,,,,,,,,,,,,,,,,,,,
366,74,Pucheng Clean Energy,Production of in-scope polymers,0.6,,,,,,,,,,,,,,,,,,,,,,,,,,,,,,,,,,
367,74,Pucheng Clean Energy,Flexible format contribution to SUP waste,0.2,,,,,,,,,,,,,,,,,,,,,,,,,,,,,,,,,,
368,74,Pucheng Clean Energy,Rigid format contribution to SUP waste,0.1,,,,,,,,,,,,,,,,,,,,,,,,,,,,,,,,,,
369,74,Pucheng Clean Energy,Total contribution to SUP waste,0.3,,,,,,,,,,,,,,,,,,,,,,,,,,,,,,,,,,
370,75,Qatar Petrochemical Company,No. of assets,1,,,,,,,,,,,,,,,,,,,,,,,,,,,,,,,,,,
371,75,Qatar Petrochemical Company,Production of in-scope polymers,0.4,,,,,,,,,,,,,,,,,,,,,,,,,,,,,,,,,,
372,75,Qatar Petrochemical Company,Flexible format contribution to SUP waste,0.2,,,,,,,,,,,,,,,,,,,,,,,,,,,,,,,,,,
373,75,Qatar Petrochemical Company,Rigid format contribution to SUP waste,0,,,,,,,,,,,,,,,,,,,,,,,,,,,,,,,,,,
374,75,Qatar Petrochemical Company,Total contribution to SUP waste,0.3,,,,,,,,,,,,,,,,,,,,,,,,,,,,,,,,,,
375,76,TK Chemical,No. of assets,3,,,,,,,,,,,,,,,,,,,,,,,,,,,,,,,,,,
376,76,TK Chemical,Production of in-scope polymers,0.3,,,,,,,,,,,,,,,,,,,,,,,,,,,,,,,,,,
377,76,TK Chemical,Flexible format contribution to SUP waste,0,,,,,,,,,,,,,,,,,,,,,,,,,,,,,,,,,,
378,76,TK Chemical,Rigid format contribution to SUP waste,0.3,,,,,,,,,,,,,,,,,,,,,,,,,,,,,,,,,,
379,76,TK Chemical,Total contribution to SUP waste,0.3,,,,,,,,,,,,,,,,,,,,,,,,,,,,,,,,,,
380,77,Saudi Kayan,No. of assets,2,,,,,,,,,,,,,,,,,,,,,,,,,,,,,,,,,,
381,77,Saudi Kayan,Production of in-scope polymers,0.7,,,,,,,,,,,,,,,,,,,,,,,,,,,,,,,,,,
382,77,Saudi Kayan,Flexible format contribution to SUP waste,0.2,,,,,,,,,,,,,,,,,,,,,,,,,,,,,,,,,,
383,77,Saudi Kayan,Rigid format contribution to SUP waste,0.1,,,,,,,,,,,,,,,,,,,,,,,,,,,,,,,,,,
384,77,Saudi Kayan,Total contribution to SUP waste,0.3,,,,,,,,,,,,,,,,,,,,,,,,,,,,,,,,,,
385,78,Oriental Energy,No. of assets,4,,,,,,,,,,,,,,,,,,,,,,,,,,,,,,,,,,
386,78,Oriental Energy,Production of in-scope polymers,0.7,,,,,,,,,,,,,,,,,,,,,,,,,,,,,,,,,,
387,78,Oriental Energy,Flexible format contribution to SUP waste,0.2,,,,,,,,,,,,,,,,,,,,,,,,,,,,,,,,,,
388,78,Oriental Energy,Rigid format contribution to SUP waste,0.1,,,,,,,,,,,,,,,,,,,,,,,,,,,,,,,,,,
389,78,Oriental Energy,Total contribution to SUP waste,0.3,,,,,,,,,,,,,,,,,,,,,,,,,,,,,,,,,,
390,79,Jam Petrochemical Company,No. of assets,3,,,,,,,,,,,,,,,,,,,,,,,,,,,,,,,,,,
391,79,Jam Petrochemical Company,Production of in-scope polymers,0.7,,,,,,,,,,,,,,,,,,,,,,,,,,,,,,,,,,
392,79,Jam Petrochemical Company,Flexible format contribution to SUP waste,0.2,,,,,,,,,,,,,,,,,,,,,,,,,,,,,,,,,,
393,79,Jam Petrochemical Company,Rigid format contribution to SUP waste,0.1,,,,,,,,,,,,,,,,,,,,,,,,,,,,,,,,,,
394,79,Jam Petrochemical Company,Total contribution to SUP waste,0.3,,,,,,,,,,,,,,,,,,,,,,,,,,,,,,,,,,
395,80,Nizhnekamskneftekhim,No. of assets,2,,,,,,,,,,,,,,,,,,,,,,,,,,,,,,,,,,
396,80,Nizhnekamskneftekhim,Production of in-scope polymers,0.4,,,,,,,,,,,,,,,,,,,,,,,,,,,,,,,,,,
397,80,Nizhnekamskneftekhim,Flexible format contribution to SUP waste,0.2,,,,,,,,,,,,,,,,,,,,,,,,,,,,,,,,,,
398,80,Nizhnekamskneftekhim,Rigid format contribution to SUP waste,0,,,,,,,,,,,,,,,,,,,,,,,,,,,,,,,,,,
399,80,Nizhnekamskneftekhim,Total contribution to SUP waste,0.3,,,,,,,,,,,,,,,,,,,,,,,,,,,,,,,,,,
400,81,Prime Polymer,No. of assets,3,,,,,,,,,,,,,,,,,,,,,,,,,,,,,,,,,,
401,81,Prime Polymer,Production of in-scope polymers,0.4,,,,,,,,,,,,,,,,,,,,,,,,,,,,,,,,,,
402,81,Prime Polymer,Flexible format contribution to SUP waste,0.3,,,,,,,,,,,,,,,,,,,,,,,,,,,,,,,,,,
403,81,Prime Polymer,Rigid format contribution to SUP waste,0,,,,,,,,,,,,,,,,,,,,,,,,,,,,,,,,,,
404,81,Prime Polymer,Total contribution to SUP waste,0.3,,,,,,,,,,,,,,,,,,,,,,,,,,,,,,,,,,
405,82,Yansab,No. of assets,5,,,,,,,,,,,,,,,,,,,,,,,,,,,,,,,,,,
406,82,Yansab,Production of in-scope polymers,0.6,,,,,,,,,,,,,,,,,,,,,,,,,,,,,,,,,,
407,82,Yansab,Flexible format contribution to SUP waste,0.2,,,,,,,,,,,,,,,,,,,,,,,,,,,,,,,,,,
408,82,Yansab,Rigid format contribution to SUP waste,0,,,,,,,,,,,,,,,,,,,,,,,,,,,,,,,,,,
409,82,Yansab,Total contribution to SUP waste,0.3,,,,,,,,,,,,,,,,,,,,,,,,,,,,,,,,,,
410,83,Petronas,No. of assets,4,,,,,,,,,,,,,,,,,,,,,,,,,,,,,,,,,,
411,83,Petronas,Production of in-scope polymers,0.5,,,,,,,,,,,,,,,,,,,,,,,,,,,,,,,,,,
412,83,Petronas,Flexible format contribution to SUP waste,0.2,,,,,,,,,,,,,,,,,,,,,,,,,,,,,,,,,,
413,83,Petronas,Rigid format contribution to SUP waste,0.1,,,,,,,,,,,,,,,,,,,,,,,,,,,,,,,,,,
414,83,Petronas,Total contribution to SUP waste,0.2,,,,,,,,,,,,,,,,,,,,,,,,,,,,,,,,,,
415,84,Amir Kabir Petrochemical Company,No. of assets,7,,,,,,,,,,,,,,,,,,,,,,,,,,,,,,,,,,
416,84,Amir Kabir Petrochemical Company,Production of in-scope polymers,0.5,,,,,,,,,,,,,,,,,,,,,,,,,,,,,,,,,,
417,84,Amir Kabir Petrochemical Company,Flexible format contribution to SUP waste,0.2,,,,,,,,,,,,,,,,,,,,,,,,,,,,,,,,,,
418,84,Amir Kabir Petrochemical Company,Rigid format contribution to SUP waste,0,,,,,,,,,,,,,,,,,,,,,,,,,,,,,,,,,,
419,84,Amir Kabir Petrochemical Company,Total contribution to SUP waste,0.2,,,,,,,,,,,,,,,,,,,,,,,,,,,,,,,,,,
420,85,State Oil Company of Azerbaijan Republic,No. of assets,1,,,,,,,,,,,,,,,,,,,,,,,,,,,,,,,,,,
421,85,State Oil Company of Azerbaijan Republic,Production of in-scope polymers,0.5,,,,,,,,,,,,,,,,,,,,,,,,,,,,,,,,,,
422,85,State Oil Company of Azerbaijan Republic,Flexible format contribution to SUP waste,0.2,,,,,,,,,,,,,,,,,,,,,,,,,,,,,,,,,,
423,85,State Oil Company of Azerbaijan Republic,Rigid format contribution to SUP waste,0.1,,,,,,,,,,,,,,,,,,,,,,,,,,,,,,,,,,
424,85,State Oil Company of Azerbaijan Republic,Total contribution to SUP waste,0.2,,,,,,,,,,,,,,,,,,,,,,,,,,,,,,,,,,
425,86,Henan Coal Chemical Industry Group,No. of assets,2,,,,,,,,,,,,,,,,,,,,,,,,,,,,,,,,,,
426,86,Henan Coal Chemical Industry Group,Production of in-scope polymers,0.2,,,,,,,,,,,,,,,,,,,,,,,,,,,,,,,,,,
427,86,Henan Coal Chemical Industry Group,Flexible format contribution to SUP waste,0,,,,,,,,,,,,,,,,,,,,,,,,,,,,,,,,,,
428,86,Henan Coal Chemical Industry Group,Rigid format contribution to SUP waste,0.2,,,,,,,,,,,,,,,,,,,,,,,,,,,,,,,,,,
429,86,Henan Coal Chemical Industry Group,Total contribution to SUP waste,0.2,,,,,,,,,,,,,,,,,,,,,,,,,,,,,,,,,,
430,87,Fude Energy,No. of assets,5,,,,,,,,,,,,,,,,,,,,,,,,,,,,,,,,,,
431,87,Fude Energy,Production of in-scope polymers,0.6,,,,,,,,,,,,,,,,,,,,,,,,,,,,,,,,,,
432,87,Fude Energy,Flexible format contribution to SUP waste,0.2,,,,,,,,,,,,,,,,,,,,,,,,,,,,,,,,,,
433,87,Fude Energy,Rigid format contribution to SUP waste,0.1,,,,,,,,,,,,,,,,,,,,,,,,,,,,,,,,,,
434,87,Fude Energy,Total contribution to SUP waste,0.2,,,,,,,,,,,,,,,,,,,,,,,,,,,,,,,,,,
435,88,USI Group,No. of assets,3,,,,,,,,,,,,,,,,,,,,,,,,,,,,,,,,,,
436,88,USI Group,Production of in-scope polymers,0.4,,,,,,,,,,,,,,,,,,,,,,,,,,,,,,,,,,
437,88,USI Group,Flexible format contribution to SUP waste,0.2,,,,,,,,,,,,,,,,,,,,,,,,,,,,,,,,,,
438,88,USI Group,Rigid format contribution to SUP waste,0,,,,,,,,,,,,,,,,,,,,,,,,,,,,,,,,,,
439,88,USI Group,Total contribution to SUP waste,0.2,,,,,,,,,,,,,,,,,,,,,,,,,,,,,,,,,,
440,89,Ecopetrol,No. of assets,10,,,,,,,,,,,,,,,,,,,,,,,,,,,,,,,,,,
441,89,Ecopetrol,Production of in-scope polymers,0.5,,,,,,,,,,,,,,,,,,,,,,,,,,,,,,,,,,
442,89,Ecopetrol,Flexible format contribution to SUP waste,0.1,,,,,,,,,,,,,,,,,,,,,,,,,,,,,,,,,,
443,89,Ecopetrol,Rigid format contribution to SUP waste,0.1,,,,,,,,,,,,,,,,,,,,,,,,,,,,,,,,,,
444,89,Ecopetrol,Total contribution to SUP waste,0.2,,,,,,,,,,,,,,,,,,,,,,,,,,,,,,,,,,
445,90,Idemitsu Kosan,No. of assets,6,,,,,,,,,,,,,,,,,,,,,,,,,,,,,,,,,,
446,90,Idemitsu Kosan,Production of in-scope polymers,0.5,,,,,,,,,,,,,,,,,,,,,,,,,,,,,,,,,,
447,90,Idemitsu Kosan,Flexible format contribution to SUP waste,0.1,,,,,,,,,,,,,,,,,,,,,,,,,,,,,,,,,,
448,90,Idemitsu Kosan,Rigid format contribution to SUP waste,0.1,,,,,,,,,,,,,,,,,,,,,,,,,,,,,,,,,,
449,90,Idemitsu Kosan,Total contribution to SUP waste,0.2,,,,,,,,,,,,,,,,,,,,,,,,,,,,,,,,,,
450,91,Kazanorgsintez,No. of assets,1,,,,,,,,,,,,,,,,,,,,,,,,,,,,,,,,,,
451,91,Kazanorgsintez,Production of in-scope polymers,0.6,,,,,,,,,,,,,,,,,,,,,,,,,,,,,,,,,,
452,91,Kazanorgsintez,Flexible format contribution to SUP waste,0.2,,,,,,,,,,,,,,,,,,,,,,,,,,,,,,,,,,
453,91,Kazanorgsintez,Rigid format contribution to SUP waste,0.1,,,,,,,,,,,,,,,,,,,,,,,,,,,,,,,,,,
454,91,Kazanorgsintez,Total contribution to SUP waste,0.2,,,,,,,,,,,,,,,,,,,,,,,,,,,,,,,,,,
455,92,HPCL-Mittal Energy Ltd,No. of assets,1,,,,,,,,,,,,,,,,,,,,,,,,,,,,,,,,,,
456,92,HPCL-Mittal Energy Ltd,Production of in-scope polymers,0.5,,,,,,,,,,,,,,,,,,,,,,,,,,,,,,,,,,
457,92,HPCL-Mittal Energy Ltd,Flexible format contribution to SUP waste,0.2,,,,,,,,,,,,,,,,,,,,,,,,,,,,,,,,,,
458,92,HPCL-Mittal Energy Ltd,Rigid format contribution to SUP waste,0,,,,,,,,,,,,,,,,,,,,,,,,,,,,,,,,,,
459,92,HPCL-Mittal Energy Ltd,Total contribution to SUP waste,0.2,,,,,,,,,,,,,,,,,,,,,,,,,,,,,,,,,,
460,93,Pan Asia PET Resin,No. of assets,1,,,,,,,,,,,,,,,,,,,,,,,,,,,,,,,,,,
461,93,Pan Asia PET Resin,Production of in-scope polymers,0.2,,,,,,,,,,,,,,,,,,,,,,,,,,,,,,,,,,
462,93,Pan Asia PET Resin,Flexible format contribution to SUP waste,0,,,,,,,,,,,,,,,,,,,,,,,,,,,,,,,,,,
463,93,Pan Asia PET Resin,Rigid format contribution to SUP waste,0.2,,,,,,,,,,,,,,,,,,,,,,,,,,,,,,,,,,
464,93,Pan Asia PET Resin,Total contribution to SUP waste,0.2,,,,,,,,,,,,,,,,,,,,,,,,,,,,,,,,,,
465,94,Koksan,No. of assets,1,,,,,,,,,,,,,,,,,,,,,,,,,,,,,,,,,,
466,94,Koksan,Production of in-scope polymers,0.2,,,,,,,,,,,,,,,,,,,,,,,,,,,,,,,,,,
467,94,Koksan,Flexible format contribution to SUP waste,0,,,,,,,,,,,,,,,,,,,,,,,,,,,,,,,,,,
468,94,Koksan,Rigid format contribution to SUP waste,0.2,,,,,,,,,,,,,,,,,,,,,,,,,,,,,,,,,,
469,94,Koksan,Total contribution to SUP waste,0.2,,,,,,,,,,,,,,,,,,,,,,,,,,,,,,,,,,
470,95,Novapet,No. of assets,2,,,,,,,,,,,,,,,,,,,,,,,,,,,,,,,,,,
471,95,Novapet,Production of in-scope polymers,0.2,,,,,,,,,,,,,,,,,,,,,,,,,,,,,,,,,,
472,95,Novapet,Flexible format contribution to SUP waste,0,,,,,,,,,,,,,,,,,,,,,,,,,,,,,,,,,,
473,95,Novapet,Rigid format contribution to SUP waste,0.2,,,,,,,,,,,,,,,,,,,,,,,,,,,,,,,,,,
474,95,Novapet,Total contribution to SUP waste,0.2,,,,,,,,,,,,,,,,,,,,,,,,,,,,,,,,,,
475,96,Xingxing,No. of assets,2,,,,,,,,,,,,,,,,,,,,,,,,,,,,,,,,,,
476,96,Xingxing,Production of in-scope polymers,0.5,,,,,,,,,,,,,,,,,,,,,,,,,,,,,,,,,,
477,96,Xingxing,Flexible format contribution to SUP waste,0.1,,,,,,,,,,,,,,,,,,,,,,,,,,,,,,,,,,
478,96,Xingxing,Rigid format contribution to SUP waste,0.1,,,,,,,,,,,,,,,,,,,,,,,,,,,,,,,,,,
479,96,Xingxing,Total contribution to SUP waste,0.2,,,,,,,,,,,,,,,,,,,,,,,,,,,,,,,,,,
480,97,Sanyuan,No. of assets,4,,,,,,,,,,,,,,,,,,,,,,,,,,,,,,,,,,
481,97,Sanyuan,Production of in-scope polymers,0.5,,,,,,,,,,,,,,,,,,,,,,,,,,,,,,,,,,
482,97,Sanyuan,Flexible format contribution to SUP waste,0.1,,,,,,,,,,,,,,,,,,,,,,,,,,,,,,,,,,
483,97,Sanyuan,Rigid format contribution to SUP waste,0.1,,,,,,,,,,,,,,,,,,,,,,,,,,,,,,,,,,
484,97,Sanyuan,Total contribution to SUP waste,0.2,,,,,,,,,,,,,,,,,,,,,,,,,,,,,,,,,,
485,98,North Huajin,No. of assets,4,,,,,,,,,,,,,,,,,,,,,,,,,,,,,,,,,,
486,98,North Huajin,Production of in-scope polymers,0.6,,,,,,,,,,,,,,,,,,,,,,,,,,,,,,,,,,
487,98,North Huajin,Flexible format contribution to SUP waste,0.1,,,,,,,,,,,,,,,,,,,,,,,,,,,,,,,,,,
488,98,North Huajin,Rigid format contribution to SUP waste,0.1,,,,,,,,,,,,,,,,,,,,,,,,,,,,,,,,,,
489,98,North Huajin,Total contribution to SUP waste,0.2,,,,,,,,,,,,,,,,,,,,,,,,,,,,,,,,,,
490,99,Shahid Tondgooian Petrochemical,No. of assets,1,,,,,,,,,,,,,,,,,,,,,,,,,,,,,,,,,,
491,99,Shahid Tondgooian Petrochemical,Production of in-scope polymers,0.2,,,,,,,,,,,,,,,,,,,,,,,,,,,,,,,,,,
492,99,Shahid Tondgooian Petrochemical,Flexible format contribution to SUP waste,0,,,,,,,,,,,,,,,,,,,,,,,,,,,,,,,,,,
493,99,Shahid Tondgooian Petrochemical,Rigid format contribution to SUP waste,0.2,,,,,,,,,,,,,,,,,,,,,,,,,,,,,,,,,,
494,99,Shahid Tondgooian Petrochemical,Total contribution to SUP waste,0.2,,,,,,,,,,,,,,,,,,,,,,,,,,,,,,,,,,
495,100,Dragon Special Resin,No. of assets,2,,,,,,,,,,,,,,,,,,,,,,,,,,,,,,,,,,
496,100,Dragon Special Resin,Production of in-scope polymers,0.2,,,,,,,,,,,,,,,,,,,,,,,,,,,,,,,,,,
497,100,Dragon Special Resin,Flexible format contribution to SUP waste,0,,,,,,,,,,,,,,,,,,,,,,,,,,,,,,,,,,
498,100,Dragon Special Resin,Rigid format contribution to SUP waste,0.2,,,,,,,,,,,,,,,,,,,,,,,,,,,,,,,,,,
499,100,Dragon Special Resin,Total contribution to SUP waste,0.2,,,,,,,,,,,,,,,,,,,,,,,,,,,,,,,,,,
